titles,word,n,n_words
袘袗袘袗,懈,19,418
袘袗袘袗,懈,19,418
袘袗袘袗,懈,19,418
袘袗袘袗,懈,19,418
袘袗袘袗,懈,19,418
袘袗袘袗,懈,19,418
袘袗袘袗,懈,19,418
袘袗袘袗,懈,19,418
袘袗袘袗,懈,19,418
袘袗袘袗,懈,19,418
袘袗袘袗,懈,19,418
袘袗袘袗,懈,19,418
袘袗袘袗,懈,19,418
袘袗袘袗,懈,19,418
袘袗袘袗,懈,19,418
袘袗袘袗,懈,19,418
袘袗袘袗,懈,19,418
袘袗袘袗,懈,19,418
袘袗袘袗,懈,19,418
袧袠些袠袡,懈,8,240
袧袠些袠袡,懈,8,240
袧袠些袠袡,懈,8,240
袧袠些袠袡,懈,8,240
袧袠些袠袡,懈,8,240
袧袠些袠袡,懈,8,240
袧袠些袠袡,懈,8,240
袧袠些袠袡,懈,8,240
袗袙袗袧孝挟袪袧蝎袡 袪袗小小袣袗袟,懈,16,328
袗袙袗袧孝挟袪袧蝎袡 袪袗小小袣袗袟,懈,16,328
袗袙袗袧孝挟袪袧蝎袡 袪袗小小袣袗袟,懈,16,328
袗袙袗袧孝挟袪袧蝎袡 袪袗小小袣袗袟,懈,16,328
袗袙袗袧孝挟袪袧蝎袡 袪袗小小袣袗袟,懈,16,328
袗袙袗袧孝挟袪袧蝎袡 袪袗小小袣袗袟,懈,16,328
袗袙袗袧孝挟袪袧蝎袡 袪袗小小袣袗袟,懈,16,328
袗袙袗袧孝挟袪袧蝎袡 袪袗小小袣袗袟,懈,16,328
袗袙袗袧孝挟袪袧蝎袡 袪袗小小袣袗袟,懈,16,328
袗袙袗袧孝挟袪袧蝎袡 袪袗小小袣袗袟,懈,16,328
袗袙袗袧孝挟袪袧蝎袡 袪袗小小袣袗袟,懈,16,328
袗袙袗袧孝挟袪袧蝎袡 袪袗小小袣袗袟,懈,16,328
袗袙袗袧孝挟袪袧蝎袡 袪袗小小袣袗袟,懈,16,328
袗袙袗袧孝挟袪袧蝎袡 袪袗小小袣袗袟,懈,16,328
袗袙袗袧孝挟袪袧蝎袡 袪袗小小袣袗袟,懈,16,328
袗袙袗袧孝挟袪袧蝎袡 袪袗小小袣袗袟,懈,16,328
效袝袪袝袟 小孝袨 袥袝孝,懈,14,498
效袝袪袝袟 小孝袨 袥袝孝,懈,14,498
效袝袪袝袟 小孝袨 袥袝孝,懈,14,498
效袝袪袝袟 小孝袨 袥袝孝,懈,14,498
效袝袪袝袟 小孝袨 袥袝孝,懈,14,498
效袝袪袝袟 小孝袨 袥袝孝,懈,14,498
效袝袪袝袟 小孝袨 袥袝孝,懈,14,498
效袝袪袝袟 小孝袨 袥袝孝,懈,14,498
效袝袪袝袟 小孝袨 袥袝孝,懈,14,498
效袝袪袝袟 小孝袨 袥袝孝,懈,14,498
效袝袪袝袟 小孝袨 袥袝孝,懈,14,498
效袝袪袝袟 小孝袨 袥袝孝,懈,14,498
效袝袪袝袟 小孝袨 袥袝孝,懈,14,498
效袝袪袝袟 小孝袨 袥袝孝,懈,14,498
小袥校效袗袡,懈,24,405
小袥校效袗袡,懈,24,405
小袥校效袗袡,懈,24,405
小袥校效袗袡,懈,24,405
小袥校效袗袡,懈,24,405
小袥校效袗袡,懈,24,405
小袥校效袗袡,懈,24,405
小袥校效袗袡,懈,24,405
小袥校效袗袡,懈,24,405
小袥校效袗袡,懈,24,405
小袥校效袗袡,懈,24,405
小袥校效袗袡,懈,24,405
小袥校效袗袡,懈,24,405
小袥校效袗袡,懈,24,405
小袥校效袗袡,懈,24,405
小袥校效袗袡,懈,24,405
小袥校效袗袡,懈,24,405
小袥校效袗袡,懈,24,405
小袥校效袗袡,懈,24,405
小袥校效袗袡,懈,24,405
小袥校效袗袡,懈,24,405
小袥校效袗袡,懈,24,405
小袥校效袗袡,懈,24,405
小袥校效袗袡,懈,24,405
袧袗 袩袨小孝校,懈,15,434
袧袗 袩袨小孝校,懈,15,434
袧袗 袩袨小孝校,懈,15,434
袧袗 袩袨小孝校,懈,15,434
袧袗 袩袨小孝校,懈,15,434
袧袗 袩袨小孝校,懈,15,434
袧袗 袩袨小孝校,懈,15,434
袧袗 袩袨小孝校,懈,15,434
袧袗 袩袨小孝校,懈,15,434
袧袗 袩袨小孝校,懈,15,434
袧袗 袩袨小孝校,懈,15,434
袧袗 袩袨小孝校,懈,15,434
袧袗 袩袨小孝校,懈,15,434
袧袗 袩袨小孝校,懈,15,434
袧袗 袩袨小孝校,懈,15,434
楔袠袩蝎 袠 袪袨袟蝎,懈,14,325
楔袠袩蝎 袠 袪袨袟蝎,懈,14,325
楔袠袩蝎 袠 袪袨袟蝎,懈,14,325
楔袠袩蝎 袠 袪袨袟蝎,懈,14,325
楔袠袩蝎 袠 袪袨袟蝎,懈,14,325
楔袠袩蝎 袠 袪袨袟蝎,懈,14,325
楔袠袩蝎 袠 袪袨袟蝎,懈,14,325
楔袠袩蝎 袠 袪袨袟蝎,懈,14,325
楔袠袩蝎 袠 袪袨袟蝎,懈,14,325
楔袠袩蝎 袠 袪袨袟蝎,懈,14,325
楔袠袩蝎 袠 袪袨袟蝎,懈,14,325
楔袠袩蝎 袠 袪袨袟蝎,懈,14,325
楔袠袩蝎 袠 袪袨袟蝎,懈,14,325
楔袠袩蝎 袠 袪袨袟蝎,懈,14,325
孝袪袠 袛袨袣校袦袝袧孝袗,懈,32,685
孝袪袠 袛袨袣校袦袝袧孝袗,懈,32,685
孝袪袠 袛袨袣校袦袝袧孝袗,懈,32,685
孝袪袠 袛袨袣校袦袝袧孝袗,懈,32,685
孝袪袠 袛袨袣校袦袝袧孝袗,懈,32,685
孝袪袠 袛袨袣校袦袝袧孝袗,懈,32,685
孝袪袠 袛袨袣校袦袝袧孝袗,懈,32,685
孝袪袠 袛袨袣校袦袝袧孝袗,懈,32,685
孝袪袠 袛袨袣校袦袝袧孝袗,懈,32,685
孝袪袠 袛袨袣校袦袝袧孝袗,懈,32,685
孝袪袠 袛袨袣校袦袝袧孝袗,懈,32,685
孝袪袠 袛袨袣校袦袝袧孝袗,懈,32,685
孝袪袠 袛袨袣校袦袝袧孝袗,懈,32,685
孝袪袠 袛袨袣校袦袝袧孝袗,懈,32,685
孝袪袠 袛袨袣校袦袝袧孝袗,懈,32,685
孝袪袠 袛袨袣校袦袝袧孝袗,懈,32,685
孝袪袠 袛袨袣校袦袝袧孝袗,懈,32,685
孝袪袠 袛袨袣校袦袝袧孝袗,懈,32,685
孝袪袠 袛袨袣校袦袝袧孝袗,懈,32,685
孝袪袠 袛袨袣校袦袝袧孝袗,懈,32,685
孝袪袠 袛袨袣校袦袝袧孝袗,懈,32,685
孝袪袠 袛袨袣校袦袝袧孝袗,懈,32,685
孝袪袠 袛袨袣校袦袝袧孝袗,懈,32,685
孝袪袠 袛袨袣校袦袝袧孝袗,懈,32,685
孝袪袠 袛袨袣校袦袝袧孝袗,懈,32,685
孝袪袠 袛袨袣校袦袝袧孝袗,懈,32,685
孝袪袠 袛袨袣校袦袝袧孝袗,懈,32,685
孝袪袠 袛袨袣校袦袝袧孝袗,懈,32,685
孝袪袠 袛袨袣校袦袝袧孝袗,懈,32,685
孝袪袠 袛袨袣校袦袝袧孝袗,懈,32,685
孝袪袠 袛袨袣校袦袝袧孝袗,懈,32,685
孝袪袠 袛袨袣校袦袝袧孝袗,懈,32,685
袧袝袠袟袙袝小孝袧蝎袡 袛袪校袚,懈,33,595
袧袝袠袟袙袝小孝袧蝎袡 袛袪校袚,懈,33,595
袧袝袠袟袙袝小孝袧蝎袡 袛袪校袚,懈,33,595
袧袝袠袟袙袝小孝袧蝎袡 袛袪校袚,懈,33,595
袧袝袠袟袙袝小孝袧蝎袡 袛袪校袚,懈,33,595
袧袝袠袟袙袝小孝袧蝎袡 袛袪校袚,懈,33,595
袧袝袠袟袙袝小孝袧蝎袡 袛袪校袚,懈,33,595
袧袝袠袟袙袝小孝袧蝎袡 袛袪校袚,懈,33,595
袧袝袠袟袙袝小孝袧蝎袡 袛袪校袚,懈,33,595
袧袝袠袟袙袝小孝袧蝎袡 袛袪校袚,懈,33,595
袧袝袠袟袙袝小孝袧蝎袡 袛袪校袚,懈,33,595
袧袝袠袟袙袝小孝袧蝎袡 袛袪校袚,懈,33,595
袧袝袠袟袙袝小孝袧蝎袡 袛袪校袚,懈,33,595
袧袝袠袟袙袝小孝袧蝎袡 袛袪校袚,懈,33,595
袧袝袠袟袙袝小孝袧蝎袡 袛袪校袚,懈,33,595
袧袝袠袟袙袝小孝袧蝎袡 袛袪校袚,懈,33,595
袧袝袠袟袙袝小孝袧蝎袡 袛袪校袚,懈,33,595
袧袝袠袟袙袝小孝袧蝎袡 袛袪校袚,懈,33,595
袧袝袠袟袙袝小孝袧蝎袡 袛袪校袚,懈,33,595
袧袝袠袟袙袝小孝袧蝎袡 袛袪校袚,懈,33,595
袧袝袠袟袙袝小孝袧蝎袡 袛袪校袚,懈,33,595
袧袝袠袟袙袝小孝袧蝎袡 袛袪校袚,懈,33,595
袧袝袠袟袙袝小孝袧蝎袡 袛袪校袚,懈,33,595
袧袝袠袟袙袝小孝袧蝎袡 袛袪校袚,懈,33,595
袧袝袠袟袙袝小孝袧蝎袡 袛袪校袚,懈,33,595
袧袝袠袟袙袝小孝袧蝎袡 袛袪校袚,懈,33,595
袧袝袠袟袙袝小孝袧蝎袡 袛袪校袚,懈,33,595
袧袝袠袟袙袝小孝袧蝎袡 袛袪校袚,懈,33,595
袧袝袠袟袙袝小孝袧蝎袡 袛袪校袚,懈,33,595
袧袝袠袟袙袝小孝袧蝎袡 袛袪校袚,懈,33,595
袧袝袠袟袙袝小孝袧蝎袡 袛袪校袚,懈,33,595
袧袝袠袟袙袝小孝袧蝎袡 袛袪校袚,懈,33,595
袧袝袠袟袙袝小孝袧蝎袡 袛袪校袚,懈,33,595
袗袦袝袪袠袣袗袧小袣袗携 袪袝袣袥袗袦袗,懈,13,315
袗袦袝袪袠袣袗袧小袣袗携 袪袝袣袥袗袦袗,懈,13,315
袗袦袝袪袠袣袗袧小袣袗携 袪袝袣袥袗袦袗,懈,13,315
袗袦袝袪袠袣袗袧小袣袗携 袪袝袣袥袗袦袗,懈,13,315
袗袦袝袪袠袣袗袧小袣袗携 袪袝袣袥袗袦袗,懈,13,315
袗袦袝袪袠袣袗袧小袣袗携 袪袝袣袥袗袦袗,懈,13,315
袗袦袝袪袠袣袗袧小袣袗携 袪袝袣袥袗袦袗,懈,13,315
袗袦袝袪袠袣袗袧小袣袗携 袪袝袣袥袗袦袗,懈,13,315
袗袦袝袪袠袣袗袧小袣袗携 袪袝袣袥袗袦袗,懈,13,315
袗袦袝袪袠袣袗袧小袣袗携 袪袝袣袥袗袦袗,懈,13,315
袗袦袝袪袠袣袗袧小袣袗携 袪袝袣袥袗袦袗,懈,13,315
袗袦袝袪袠袣袗袧小袣袗携 袪袝袣袥袗袦袗,懈,13,315
袗袦袝袪袠袣袗袧小袣袗携 袪袝袣袥袗袦袗,懈,13,315
袘袥袝袛袧袨袥袠笑蝎袝 袘袪袗孝鞋携,懈,20,433
袘袥袝袛袧袨袥袠笑蝎袝 袘袪袗孝鞋携,懈,20,433
袘袥袝袛袧袨袥袠笑蝎袝 袘袪袗孝鞋携,懈,20,433
袘袥袝袛袧袨袥袠笑蝎袝 袘袪袗孝鞋携,懈,20,433
袘袥袝袛袧袨袥袠笑蝎袝 袘袪袗孝鞋携,懈,20,433
袘袥袝袛袧袨袥袠笑蝎袝 袘袪袗孝鞋携,懈,20,433
袘袥袝袛袧袨袥袠笑蝎袝 袘袪袗孝鞋携,懈,20,433
袘袥袝袛袧袨袥袠笑蝎袝 袘袪袗孝鞋携,懈,20,433
袘袥袝袛袧袨袥袠笑蝎袝 袘袪袗孝鞋携,懈,20,433
袘袥袝袛袧袨袥袠笑蝎袝 袘袪袗孝鞋携,懈,20,433
袘袥袝袛袧袨袥袠笑蝎袝 袘袪袗孝鞋携,懈,20,433
袘袥袝袛袧袨袥袠笑蝎袝 袘袪袗孝鞋携,懈,20,433
袘袥袝袛袧袨袥袠笑蝎袝 袘袪袗孝鞋携,懈,20,433
袘袥袝袛袧袨袥袠笑蝎袝 袘袪袗孝鞋携,懈,20,433
袘袥袝袛袧袨袥袠笑蝎袝 袘袪袗孝鞋携,懈,20,433
袘袥袝袛袧袨袥袠笑蝎袝 袘袪袗孝鞋携,懈,20,433
袘袥袝袛袧袨袥袠笑蝎袝 袘袪袗孝鞋携,懈,20,433
袘袥袝袛袧袨袥袠笑蝎袝 袘袪袗孝鞋携,懈,20,433
袘袥袝袛袧袨袥袠笑蝎袝 袘袪袗孝鞋携,懈,20,433
袘袥袝袛袧袨袥袠笑蝎袝 袘袪袗孝鞋携,懈,20,433
挟袦袨袪袠小孝,懈,37,1068
挟袦袨袪袠小孝,懈,37,1068
挟袦袨袪袠小孝,懈,37,1068
挟袦袨袪袠小孝,懈,37,1068
挟袦袨袪袠小孝,懈,37,1068
挟袦袨袪袠小孝,懈,37,1068
挟袦袨袪袠小孝,懈,37,1068
挟袦袨袪袠小孝,懈,37,1068
挟袦袨袪袠小孝,懈,37,1068
挟袦袨袪袠小孝,懈,37,1068
挟袦袨袪袠小孝,懈,37,1068
挟袦袨袪袠小孝,懈,37,1068
挟袦袨袪袠小孝,懈,37,1068
挟袦袨袪袠小孝,懈,37,1068
挟袦袨袪袠小孝,懈,37,1068
挟袦袨袪袠小孝,懈,37,1068
挟袦袨袪袠小孝,懈,37,1068
挟袦袨袪袠小孝,懈,37,1068
挟袦袨袪袠小孝,懈,37,1068
挟袦袨袪袠小孝,懈,37,1068
挟袦袨袪袠小孝,懈,37,1068
挟袦袨袪袠小孝,懈,37,1068
挟袦袨袪袠小孝,懈,37,1068
挟袦袨袪袠小孝,懈,37,1068
挟袦袨袪袠小孝,懈,37,1068
挟袦袨袪袠小孝,懈,37,1068
挟袦袨袪袠小孝,懈,37,1068
挟袦袨袪袠小孝,懈,37,1068
挟袦袨袪袠小孝,懈,37,1068
挟袦袨袪袠小孝,懈,37,1068
挟袦袨袪袠小孝,懈,37,1068
挟袦袨袪袠小孝,懈,37,1068
挟袦袨袪袠小孝,懈,37,1068
挟袦袨袪袠小孝,懈,37,1068
挟袦袨袪袠小孝,懈,37,1068
挟袦袨袪袠小孝,懈,37,1068
挟袦袨袪袠小孝,懈,37,1068
袣袗孝袨袪袚袗,懈,17,513
袣袗孝袨袪袚袗,懈,17,513
袣袗孝袨袪袚袗,懈,17,513
袣袗孝袨袪袚袗,懈,17,513
袣袗孝袨袪袚袗,懈,17,513
袣袗孝袨袪袚袗,懈,17,513
袣袗孝袨袪袚袗,懈,17,513
袣袗孝袨袪袚袗,懈,17,513
袣袗孝袨袪袚袗,懈,17,513
袣袗孝袨袪袚袗,懈,17,513
袣袗孝袨袪袚袗,懈,17,513
袣袗孝袨袪袚袗,懈,17,513
袣袗孝袨袪袚袗,懈,17,513
袣袗孝袨袪袚袗,懈,17,513
袣袗孝袨袪袚袗,懈,17,513
袣袗孝袨袪袚袗,懈,17,513
袣袗孝袨袪袚袗,懈,17,513
袙小孝袪袝效袗,懈,18,526
袙小孝袪袝效袗,懈,18,526
袙小孝袪袝效袗,懈,18,526
袙小孝袪袝效袗,懈,18,526
袙小孝袪袝效袗,懈,18,526
袙小孝袪袝效袗,懈,18,526
袙小孝袪袝效袗,懈,18,526
袙小孝袪袝效袗,懈,18,526
袙小孝袪袝效袗,懈,18,526
袙小孝袪袝效袗,懈,18,526
袙小孝袪袝效袗,懈,18,526
袙小孝袪袝效袗,懈,18,526
袙小孝袪袝效袗,懈,18,526
袙小孝袪袝效袗,懈,18,526
袙小孝袪袝效袗,懈,18,526
袙小孝袪袝效袗,懈,18,526
袙小孝袪袝效袗,懈,18,526
袙小孝袪袝效袗,懈,18,526
袩袨小袥袝袛袧袝袝 袪袨袞袛袝小孝袙袨,懈,31,670
袩袨小袥袝袛袧袝袝 袪袨袞袛袝小孝袙袨,懈,31,670
袩袨小袥袝袛袧袝袝 袪袨袞袛袝小孝袙袨,懈,31,670
袩袨小袥袝袛袧袝袝 袪袨袞袛袝小孝袙袨,懈,31,670
袩袨小袥袝袛袧袝袝 袪袨袞袛袝小孝袙袨,懈,31,670
袩袨小袥袝袛袧袝袝 袪袨袞袛袝小孝袙袨,懈,31,670
袩袨小袥袝袛袧袝袝 袪袨袞袛袝小孝袙袨,懈,31,670
袩袨小袥袝袛袧袝袝 袪袨袞袛袝小孝袙袨,懈,31,670
袩袨小袥袝袛袧袝袝 袪袨袞袛袝小孝袙袨,懈,31,670
袩袨小袥袝袛袧袝袝 袪袨袞袛袝小孝袙袨,懈,31,670
袩袨小袥袝袛袧袝袝 袪袨袞袛袝小孝袙袨,懈,31,670
袩袨小袥袝袛袧袝袝 袪袨袞袛袝小孝袙袨,懈,31,670
袩袨小袥袝袛袧袝袝 袪袨袞袛袝小孝袙袨,懈,31,670
袩袨小袥袝袛袧袝袝 袪袨袞袛袝小孝袙袨,懈,31,670
袩袨小袥袝袛袧袝袝 袪袨袞袛袝小孝袙袨,懈,31,670
袩袨小袥袝袛袧袝袝 袪袨袞袛袝小孝袙袨,懈,31,670
袩袨小袥袝袛袧袝袝 袪袨袞袛袝小孝袙袨,懈,31,670
袩袨小袥袝袛袧袝袝 袪袨袞袛袝小孝袙袨,懈,31,670
袩袨小袥袝袛袧袝袝 袪袨袞袛袝小孝袙袨,懈,31,670
袩袨小袥袝袛袧袝袝 袪袨袞袛袝小孝袙袨,懈,31,670
袩袨小袥袝袛袧袝袝 袪袨袞袛袝小孝袙袨,懈,31,670
袩袨小袥袝袛袧袝袝 袪袨袞袛袝小孝袙袨,懈,31,670
袩袨小袥袝袛袧袝袝 袪袨袞袛袝小孝袙袨,懈,31,670
袩袨小袥袝袛袧袝袝 袪袨袞袛袝小孝袙袨,懈,31,670
袩袨小袥袝袛袧袝袝 袪袨袞袛袝小孝袙袨,懈,31,670
袩袨小袥袝袛袧袝袝 袪袨袞袛袝小孝袙袨,懈,31,670
袩袨小袥袝袛袧袝袝 袪袨袞袛袝小孝袙袨,懈,31,670
袩袨小袥袝袛袧袝袝 袪袨袞袛袝小孝袙袨,懈,31,670
袩袨小袥袝袛袧袝袝 袪袨袞袛袝小孝袙袨,懈,31,670
袩袨小袥袝袛袧袝袝 袪袨袞袛袝小孝袙袨,懈,31,670
袩袨小袥袝袛袧袝袝 袪袨袞袛袝小孝袙袨,懈,31,670
效袝小孝袧蝎袡 袚袪袗袞袛袗袧袠袧,懈,55,1059
效袝小孝袧蝎袡 袚袪袗袞袛袗袧袠袧,懈,55,1059
效袝小孝袧蝎袡 袚袪袗袞袛袗袧袠袧,懈,55,1059
效袝小孝袧蝎袡 袚袪袗袞袛袗袧袠袧,懈,55,1059
效袝小孝袧蝎袡 袚袪袗袞袛袗袧袠袧,懈,55,1059
效袝小孝袧蝎袡 袚袪袗袞袛袗袧袠袧,懈,55,1059
效袝小孝袧蝎袡 袚袪袗袞袛袗袧袠袧,懈,55,1059
效袝小孝袧蝎袡 袚袪袗袞袛袗袧袠袧,懈,55,1059
效袝小孝袧蝎袡 袚袪袗袞袛袗袧袠袧,懈,55,1059
效袝小孝袧蝎袡 袚袪袗袞袛袗袧袠袧,懈,55,1059
效袝小孝袧蝎袡 袚袪袗袞袛袗袧袠袧,懈,55,1059
效袝小孝袧蝎袡 袚袪袗袞袛袗袧袠袧,懈,55,1059
效袝小孝袧蝎袡 袚袪袗袞袛袗袧袠袧,懈,55,1059
效袝小孝袧蝎袡 袚袪袗袞袛袗袧袠袧,懈,55,1059
效袝小孝袧蝎袡 袚袪袗袞袛袗袧袠袧,懈,55,1059
效袝小孝袧蝎袡 袚袪袗袞袛袗袧袠袧,懈,55,1059
效袝小孝袧蝎袡 袚袪袗袞袛袗袧袠袧,懈,55,1059
效袝小孝袧蝎袡 袚袪袗袞袛袗袧袠袧,懈,55,1059
效袝小孝袧蝎袡 袚袪袗袞袛袗袧袠袧,懈,55,1059
效袝小孝袧蝎袡 袚袪袗袞袛袗袧袠袧,懈,55,1059
效袝小孝袧蝎袡 袚袪袗袞袛袗袧袠袧,懈,55,1059
效袝小孝袧蝎袡 袚袪袗袞袛袗袧袠袧,懈,55,1059
效袝小孝袧蝎袡 袚袪袗袞袛袗袧袠袧,懈,55,1059
效袝小孝袧蝎袡 袚袪袗袞袛袗袧袠袧,懈,55,1059
效袝小孝袧蝎袡 袚袪袗袞袛袗袧袠袧,懈,55,1059
效袝小孝袧蝎袡 袚袪袗袞袛袗袧袠袧,懈,55,1059
效袝小孝袧蝎袡 袚袪袗袞袛袗袧袠袧,懈,55,1059
效袝小孝袧蝎袡 袚袪袗袞袛袗袧袠袧,懈,55,1059
效袝小孝袧蝎袡 袚袪袗袞袛袗袧袠袧,懈,55,1059
袙袨袪,懈,21,957
袙袨袪,懈,21,957
袙袨袪,懈,21,957
袙袨袪,懈,21,957
袙袨袪,懈,21,957
袙袨袪,懈,21,957
袙袨袪,懈,21,957
袙袨袪,懈,21,957
袙袨袪,懈,21,957
袙袨袪,懈,21,957
袙袨袪,懈,21,957
袙袨袪,懈,21,957
袙袨袪,懈,21,957
袙袨袪,懈,21,957
袙袨袪,懈,21,957
袙袨袪,懈,21,957
袙袨袪,懈,21,957
袙袨袪,懈,21,957
袙袨袪,懈,21,957
袙袨袪,懈,21,957
袙袨袪,懈,21,957
袚袪袠楔袣袗 袞袠袚袗袧,懈,64,1199
袚袪袠楔袣袗 袞袠袚袗袧,懈,64,1199
袚袪袠楔袣袗 袞袠袚袗袧,懈,64,1199
袚袪袠楔袣袗 袞袠袚袗袧,懈,64,1199
袚袪袠楔袣袗 袞袠袚袗袧,懈,64,1199
袚袪袠楔袣袗 袞袠袚袗袧,懈,64,1199
袚袪袠楔袣袗 袞袠袚袗袧,懈,64,1199
袚袪袠楔袣袗 袞袠袚袗袧,懈,64,1199
袚袪袠楔袣袗 袞袠袚袗袧,懈,64,1199
袚袪袠楔袣袗 袞袠袚袗袧,懈,64,1199
袚袪袠楔袣袗 袞袠袚袗袧,懈,64,1199
袚袪袠楔袣袗 袞袠袚袗袧,懈,64,1199
袚袪袠楔袣袗 袞袠袚袗袧,懈,64,1199
袚袪袠楔袣袗 袞袠袚袗袧,懈,64,1199
袚袪袠楔袣袗 袞袠袚袗袧,懈,64,1199
袚袪袠楔袣袗 袞袠袚袗袧,懈,64,1199
袚袪袠楔袣袗 袞袠袚袗袧,懈,64,1199
袚袪袠楔袣袗 袞袠袚袗袧,懈,64,1199
袚袪袠楔袣袗 袞袠袚袗袧,懈,64,1199
袚袪袠楔袣袗 袞袠袚袗袧,懈,64,1199
袚袪袠楔袣袗 袞袠袚袗袧,懈,64,1199
袚袪袠楔袣袗 袞袠袚袗袧,懈,64,1199
袚袪袠楔袣袗 袞袠袚袗袧,懈,64,1199
袚袪袠楔袣袗 袞袠袚袗袧,懈,64,1199
袚袪袠楔袣袗 袞袠袚袗袧,懈,64,1199
袚袪袠楔袣袗 袞袠袚袗袧,懈,64,1199
袚袪袠楔袣袗 袞袠袚袗袧,懈,64,1199
袚袪袠楔袣袗 袞袠袚袗袧,懈,64,1199
袚袪袠楔袣袗 袞袠袚袗袧,懈,64,1199
袚袪袠楔袣袗 袞袠袚袗袧,懈,64,1199
袚袪袠楔袣袗 袞袠袚袗袧,懈,64,1199
袚袪袠楔袣袗 袞袠袚袗袧,懈,64,1199
袚袪袠楔袣袗 袞袠袚袗袧,懈,64,1199
袚袪袠楔袣袗 袞袠袚袗袧,懈,64,1199
袚袪袠楔袣袗 袞袠袚袗袧,懈,64,1199
袚袪袠楔袣袗 袞袠袚袗袧,懈,64,1199
袚袪袠楔袣袗 袞袠袚袗袧,懈,64,1199
袚袪袠楔袣袗 袞袠袚袗袧,懈,64,1199
袚袪袠楔袣袗 袞袠袚袗袧,懈,64,1199
袚袪袠楔袣袗 袞袠袚袗袧,懈,64,1199
袚袪袠楔袣袗 袞袠袚袗袧,懈,64,1199
袚袪袠楔袣袗 袞袠袚袗袧,懈,64,1199
袚袪袠楔袣袗 袞袠袚袗袧,懈,64,1199
袚袪袠楔袣袗 袞袠袚袗袧,懈,64,1199
袚袪袠楔袣袗 袞袠袚袗袧,懈,64,1199
袚袪袠楔袣袗 袞袠袚袗袧,懈,64,1199
袚袪袠楔袣袗 袞袠袚袗袧,懈,64,1199
袚袪袠楔袣袗 袞袠袚袗袧,懈,64,1199
袚袪袠楔袣袗 袞袠袚袗袧,懈,64,1199
袚袪袠楔袣袗 袞袠袚袗袧,懈,64,1199
袚袪袠楔袣袗 袞袠袚袗袧,懈,64,1199
袚袪袠楔袣袗 袞袠袚袗袧,懈,64,1199
袚袪袠楔袣袗 袞袠袚袗袧,懈,64,1199
袚袪袠楔袣袗 袞袠袚袗袧,懈,64,1199
袚袪袠楔袣袗 袞袠袚袗袧,懈,64,1199
袚袪袠楔袣袗 袞袠袚袗袧,懈,64,1199
袚袪袠楔袣袗 袞袠袚袗袧,懈,64,1199
袚袪袠楔袣袗 袞袠袚袗袧,懈,64,1199
袚袪袠楔袣袗 袞袠袚袗袧,懈,64,1199
袚袪袠楔袣袗 袞袠袚袗袧,懈,64,1199
袚袪袠楔袣袗 袞袠袚袗袧,懈,64,1199
袚袪袠楔袣袗 袞袠袚袗袧,懈,64,1199
袚袪袠楔袣袗 袞袠袚袗袧,懈,64,1199
袚袪袠楔袣袗 袞袠袚袗袧,懈,64,1199
袥袠孝袝袪袗孝袨袪,懈,19,565
袥袠孝袝袪袗孝袨袪,懈,19,565
袥袠孝袝袪袗孝袨袪,懈,19,565
袥袠孝袝袪袗孝袨袪,懈,19,565
袥袠孝袝袪袗孝袨袪,懈,19,565
袥袠孝袝袪袗孝袨袪,懈,19,565
袥袠孝袝袪袗孝袨袪,懈,19,565
袥袠孝袝袪袗孝袨袪,懈,19,565
袥袠孝袝袪袗孝袨袪,懈,19,565
袥袠孝袝袪袗孝袨袪,懈,19,565
袥袠孝袝袪袗孝袨袪,懈,19,565
袥袠孝袝袪袗孝袨袪,懈,19,565
袥袠孝袝袪袗孝袨袪,懈,19,565
袥袠孝袝袪袗孝袨袪,懈,19,565
袥袠孝袝袪袗孝袨袪,懈,19,565
袥袠孝袝袪袗孝袨袪,懈,19,565
袥袠孝袝袪袗孝袨袪,懈,19,565
袥袠孝袝袪袗孝袨袪,懈,19,565
袥袠孝袝袪袗孝袨袪,懈,19,565
小袠袥袗 袣袪袗小袧袨袪袝效袠携,懈,16,537
小袠袥袗 袣袪袗小袧袨袪袝效袠携,懈,16,537
小袠袥袗 袣袪袗小袧袨袪袝效袠携,懈,16,537
小袠袥袗 袣袪袗小袧袨袪袝效袠携,懈,16,537
小袠袥袗 袣袪袗小袧袨袪袝效袠携,懈,16,537
小袠袥袗 袣袪袗小袧袨袪袝效袠携,懈,16,537
小袠袥袗 袣袪袗小袧袨袪袝效袠携,懈,16,537
小袠袥袗 袣袪袗小袧袨袪袝效袠携,懈,16,537
小袠袥袗 袣袪袗小袧袨袪袝效袠携,懈,16,537
小袠袥袗 袣袪袗小袧袨袪袝效袠携,懈,16,537
小袠袥袗 袣袪袗小袧袨袪袝效袠携,懈,16,537
小袠袥袗 袣袪袗小袧袨袪袝效袠携,懈,16,537
小袠袥袗 袣袪袗小袧袨袪袝效袠携,懈,16,537
小袠袥袗 袣袪袗小袧袨袪袝效袠携,懈,16,537
小袠袥袗 袣袪袗小袧袨袪袝效袠携,懈,16,537
小袠袥袗 袣袪袗小袧袨袪袝效袠携,懈,16,537
袧袝袨袘蝎袣袧袨袙袝袧袧袗携 袠小孝袨袪袠携,懈,27,505
袧袝袨袘蝎袣袧袨袙袝袧袧袗携 袠小孝袨袪袠携,懈,27,505
袧袝袨袘蝎袣袧袨袙袝袧袧袗携 袠小孝袨袪袠携,懈,27,505
袧袝袨袘蝎袣袧袨袙袝袧袧袗携 袠小孝袨袪袠携,懈,27,505
袧袝袨袘蝎袣袧袨袙袝袧袧袗携 袠小孝袨袪袠携,懈,27,505
袧袝袨袘蝎袣袧袨袙袝袧袧袗携 袠小孝袨袪袠携,懈,27,505
袧袝袨袘蝎袣袧袨袙袝袧袧袗携 袠小孝袨袪袠携,懈,27,505
袧袝袨袘蝎袣袧袨袙袝袧袧袗携 袠小孝袨袪袠携,懈,27,505
袧袝袨袘蝎袣袧袨袙袝袧袧袗携 袠小孝袨袪袠携,懈,27,505
袧袝袨袘蝎袣袧袨袙袝袧袧袗携 袠小孝袨袪袠携,懈,27,505
袧袝袨袘蝎袣袧袨袙袝袧袧袗携 袠小孝袨袪袠携,懈,27,505
袧袝袨袘蝎袣袧袨袙袝袧袧袗携 袠小孝袨袪袠携,懈,27,505
袧袝袨袘蝎袣袧袨袙袝袧袧袗携 袠小孝袨袪袠携,懈,27,505
袧袝袨袘蝎袣袧袨袙袝袧袧袗携 袠小孝袨袪袠携,懈,27,505
袧袝袨袘蝎袣袧袨袙袝袧袧袗携 袠小孝袨袪袠携,懈,27,505
袧袝袨袘蝎袣袧袨袙袝袧袧袗携 袠小孝袨袪袠携,懈,27,505
袧袝袨袘蝎袣袧袨袙袝袧袧袗携 袠小孝袨袪袠携,懈,27,505
袧袝袨袘蝎袣袧袨袙袝袧袧袗携 袠小孝袨袪袠携,懈,27,505
袧袝袨袘蝎袣袧袨袙袝袧袧袗携 袠小孝袨袪袠携,懈,27,505
袧袝袨袘蝎袣袧袨袙袝袧袧袗携 袠小孝袨袪袠携,懈,27,505
袧袝袨袘蝎袣袧袨袙袝袧袧袗携 袠小孝袨袪袠携,懈,27,505
袧袝袨袘蝎袣袧袨袙袝袧袧袗携 袠小孝袨袪袠携,懈,27,505
袧袝袨袘蝎袣袧袨袙袝袧袧袗携 袠小孝袨袪袠携,懈,27,505
袧袝袨袘蝎袣袧袨袙袝袧袧袗携 袠小孝袨袪袠携,懈,27,505
袧袝袨袘蝎袣袧袨袙袝袧袧袗携 袠小孝袨袪袠携,懈,27,505
袧袝袨袘蝎袣袧袨袙袝袧袧袗携 袠小孝袨袪袠携,懈,27,505
袧袝袨袘蝎袣袧袨袙袝袧袧袗携 袠小孝袨袪袠携,懈,27,505
效袝小孝袧袨袝 袛袝袥袨,懈,22,422
效袝小孝袧袨袝 袛袝袥袨,懈,22,422
效袝小孝袧袨袝 袛袝袥袨,懈,22,422
效袝小孝袧袨袝 袛袝袥袨,懈,22,422
效袝小孝袧袨袝 袛袝袥袨,懈,22,422
效袝小孝袧袨袝 袛袝袥袨,懈,22,422
效袝小孝袧袨袝 袛袝袥袨,懈,22,422
效袝小孝袧袨袝 袛袝袥袨,懈,22,422
效袝小孝袧袨袝 袛袝袥袨,懈,22,422
效袝小孝袧袨袝 袛袝袥袨,懈,22,422
效袝小孝袧袨袝 袛袝袥袨,懈,22,422
效袝小孝袧袨袝 袛袝袥袨,懈,22,422
效袝小孝袧袨袝 袛袝袥袨,懈,22,422
效袝小孝袧袨袝 袛袝袥袨,懈,22,422
效袝小孝袧袨袝 袛袝袥袨,懈,22,422
效袝小孝袧袨袝 袛袝袥袨,懈,22,422
效袝小孝袧袨袝 袛袝袥袨,懈,22,422
效袝小孝袧袨袝 袛袝袥袨,懈,22,422
效袝小孝袧袨袝 袛袝袥袨,懈,22,422
效袝小孝袧袨袝 袛袝袥袨,懈,22,422
效袝小孝袧袨袝 袛袝袥袨,懈,22,422
效袝小孝袧袨袝 袛袝袥袨,懈,22,422
袧袝校袙携袟袣袗,懈,19,402
袧袝校袙携袟袣袗,懈,19,402
袧袝校袙携袟袣袗,懈,19,402
袧袝校袙携袟袣袗,懈,19,402
袧袝校袙携袟袣袗,懈,19,402
袧袝校袙携袟袣袗,懈,19,402
袧袝校袙携袟袣袗,懈,19,402
袧袝校袙携袟袣袗,懈,19,402
袧袝校袙携袟袣袗,懈,19,402
袧袝校袙携袟袣袗,懈,19,402
袧袝校袙携袟袣袗,懈,19,402
袧袝校袙携袟袣袗,懈,19,402
袧袝校袙携袟袣袗,懈,19,402
袧袝校袙携袟袣袗,懈,19,402
袧袝校袙携袟袣袗,懈,19,402
袧袝校袙携袟袣袗,懈,19,402
袧袝校袙携袟袣袗,懈,19,402
袧袝校袙携袟袣袗,懈,19,402
袧袝校袙携袟袣袗,懈,19,402
袦袝袪小袠,懈,35,835
袦袝袪小袠,懈,35,835
袦袝袪小袠,懈,35,835
袦袝袪小袠,懈,35,835
袦袝袪小袠,懈,35,835
袦袝袪小袠,懈,35,835
袦袝袪小袠,懈,35,835
袦袝袪小袠,懈,35,835
袦袝袪小袠,懈,35,835
袦袝袪小袠,懈,35,835
袦袝袪小袠,懈,35,835
袦袝袪小袠,懈,35,835
袦袝袪小袠,懈,35,835
袦袝袪小袠,懈,35,835
袦袝袪小袠,懈,35,835
袦袝袪小袠,懈,35,835
袦袝袪小袠,懈,35,835
袦袝袪小袠,懈,35,835
袦袝袪小袠,懈,35,835
袦袝袪小袠,懈,35,835
袦袝袪小袠,懈,35,835
袦袝袪小袠,懈,35,835
袦袝袪小袠,懈,35,835
袦袝袪小袠,懈,35,835
袦袝袪小袠,懈,35,835
袦袝袪小袠,懈,35,835
袦袝袪小袠,懈,35,835
袦袝袪小袠,懈,35,835
袦袝袪小袠,懈,35,835
袦袝袪小袠,懈,35,835
袦袝袪小袠,懈,35,835
袦袝袪小袠,懈,35,835
袦袝袪小袠,懈,35,835
袦袝袪小袠,懈,35,835
袦袝袪小袠,懈,35,835
小袝袧袗孝袨袪,懈,29,1118
小袝袧袗孝袨袪,懈,29,1118
小袝袧袗孝袨袪,懈,29,1118
小袝袧袗孝袨袪,懈,29,1118
小袝袧袗孝袨袪,懈,29,1118
小袝袧袗孝袨袪,懈,29,1118
小袝袧袗孝袨袪,懈,29,1118
小袝袧袗孝袨袪,懈,29,1118
小袝袧袗孝袨袪,懈,29,1118
小袝袧袗孝袨袪,懈,29,1118
小袝袧袗孝袨袪,懈,29,1118
小袝袧袗孝袨袪,懈,29,1118
小袝袧袗孝袨袪,懈,29,1118
小袝袧袗孝袨袪,懈,29,1118
小袝袧袗孝袨袪,懈,29,1118
小袝袧袗孝袨袪,懈,29,1118
小袝袧袗孝袨袪,懈,29,1118
小袝袧袗孝袨袪,懈,29,1118
小袝袧袗孝袨袪,懈,29,1118
小袝袧袗孝袨袪,懈,29,1118
小袝袧袗孝袨袪,懈,29,1118
小袝袧袗孝袨袪,懈,29,1118
小袝袧袗孝袨袪,懈,29,1118
小袝袧袗孝袨袪,懈,29,1118
小袝袧袗孝袨袪,懈,29,1118
小袝袧袗孝袨袪,懈,29,1118
小袝袧袗孝袨袪,懈,29,1118
小袝袧袗孝袨袪,懈,29,1118
小袝袧袗孝袨袪,懈,29,1118
袩袝袥袗袚袝携,懈,32,616
袩袝袥袗袚袝携,懈,32,616
袩袝袥袗袚袝携,懈,32,616
袩袝袥袗袚袝携,懈,32,616
袩袝袥袗袚袝携,懈,32,616
袩袝袥袗袚袝携,懈,32,616
袩袝袥袗袚袝携,懈,32,616
袩袝袥袗袚袝携,懈,32,616
袩袝袥袗袚袝携,懈,32,616
袩袝袥袗袚袝携,懈,32,616
袩袝袥袗袚袝携,懈,32,616
袩袝袥袗袚袝携,懈,32,616
袩袝袥袗袚袝携,懈,32,616
袩袝袥袗袚袝携,懈,32,616
袩袝袥袗袚袝携,懈,32,616
袩袝袥袗袚袝携,懈,32,616
袩袝袥袗袚袝携,懈,32,616
袩袝袥袗袚袝携,懈,32,616
袩袝袥袗袚袝携,懈,32,616
袩袝袥袗袚袝携,懈,32,616
袩袝袥袗袚袝携,懈,32,616
袩袝袥袗袚袝携,懈,32,616
袩袝袥袗袚袝携,懈,32,616
袩袝袥袗袚袝携,懈,32,616
袩袝袥袗袚袝携,懈,32,616
袩袝袥袗袚袝携,懈,32,616
袩袝袥袗袚袝携,懈,32,616
袩袝袥袗袚袝携,懈,32,616
袩袝袥袗袚袝携,懈,32,616
袩袝袥袗袚袝携,懈,32,616
袩袝袥袗袚袝携,懈,32,616
袩袝袥袗袚袝携,懈,32,616
袩袨袙袨袛蝎袪鞋,懈,34,900
袩袨袙袨袛蝎袪鞋,懈,34,900
袩袨袙袨袛蝎袪鞋,懈,34,900
袩袨袙袨袛蝎袪鞋,懈,34,900
袩袨袙袨袛蝎袪鞋,懈,34,900
袩袨袙袨袛蝎袪鞋,懈,34,900
袩袨袙袨袛蝎袪鞋,懈,34,900
袩袨袙袨袛蝎袪鞋,懈,34,900
袩袨袙袨袛蝎袪鞋,懈,34,900
袩袨袙袨袛蝎袪鞋,懈,34,900
袩袨袙袨袛蝎袪鞋,懈,34,900
袩袨袙袨袛蝎袪鞋,懈,34,900
袩袨袙袨袛蝎袪鞋,懈,34,900
袩袨袙袨袛蝎袪鞋,懈,34,900
袩袨袙袨袛蝎袪鞋,懈,34,900
袩袨袙袨袛蝎袪鞋,懈,34,900
袩袨袙袨袛蝎袪鞋,懈,34,900
袩袨袙袨袛蝎袪鞋,懈,34,900
袩袨袙袨袛蝎袪鞋,懈,34,900
袩袨袙袨袛蝎袪鞋,懈,34,900
袩袨袙袨袛蝎袪鞋,懈,34,900
袩袨袙袨袛蝎袪鞋,懈,34,900
袩袨袙袨袛蝎袪鞋,懈,34,900
袩袨袙袨袛蝎袪鞋,懈,34,900
袩袨袙袨袛蝎袪鞋,懈,34,900
袩袨袙袨袛蝎袪鞋,懈,34,900
袩袨袙袨袛蝎袪鞋,懈,34,900
袩袨袙袨袛蝎袪鞋,懈,34,900
袩袨袙袨袛蝎袪鞋,懈,34,900
袩袨袙袨袛蝎袪鞋,懈,34,900
袩袨袙袨袛蝎袪鞋,懈,34,900
袩袨袙袨袛蝎袪鞋,懈,34,900
袩袨袙袨袛蝎袪鞋,懈,34,900
袩袨袙袨袛蝎袪鞋,懈,34,900
肖袨袦袗 袧袝袙袝袪袧蝎袡,懈,36,772
肖袨袦袗 袧袝袙袝袪袧蝎袡,懈,36,772
肖袨袦袗 袧袝袙袝袪袧蝎袡,懈,36,772
肖袨袦袗 袧袝袙袝袪袧蝎袡,懈,36,772
肖袨袦袗 袧袝袙袝袪袧蝎袡,懈,36,772
肖袨袦袗 袧袝袙袝袪袧蝎袡,懈,36,772
肖袨袦袗 袧袝袙袝袪袧蝎袡,懈,36,772
肖袨袦袗 袧袝袙袝袪袧蝎袡,懈,36,772
肖袨袦袗 袧袝袙袝袪袧蝎袡,懈,36,772
肖袨袦袗 袧袝袙袝袪袧蝎袡,懈,36,772
肖袨袦袗 袧袝袙袝袪袧蝎袡,懈,36,772
肖袨袦袗 袧袝袙袝袪袧蝎袡,懈,36,772
肖袨袦袗 袧袝袙袝袪袧蝎袡,懈,36,772
肖袨袦袗 袧袝袙袝袪袧蝎袡,懈,36,772
肖袨袦袗 袧袝袙袝袪袧蝎袡,懈,36,772
肖袨袦袗 袧袝袙袝袪袧蝎袡,懈,36,772
肖袨袦袗 袧袝袙袝袪袧蝎袡,懈,36,772
肖袨袦袗 袧袝袙袝袪袧蝎袡,懈,36,772
肖袨袦袗 袧袝袙袝袪袧蝎袡,懈,36,772
肖袨袦袗 袧袝袙袝袪袧蝎袡,懈,36,772
肖袨袦袗 袧袝袙袝袪袧蝎袡,懈,36,772
肖袨袦袗 袧袝袙袝袪袧蝎袡,懈,36,772
肖袨袦袗 袧袝袙袝袪袧蝎袡,懈,36,772
肖袨袦袗 袧袝袙袝袪袧蝎袡,懈,36,772
肖袨袦袗 袧袝袙袝袪袧蝎袡,懈,36,772
肖袨袦袗 袧袝袙袝袪袧蝎袡,懈,36,772
肖袨袦袗 袧袝袙袝袪袧蝎袡,懈,36,772
肖袨袦袗 袧袝袙袝袪袧蝎袡,懈,36,772
肖袨袦袗 袧袝袙袝袪袧蝎袡,懈,36,772
肖袨袦袗 袧袝袙袝袪袧蝎袡,懈,36,772
肖袨袦袗 袧袝袙袝袪袧蝎袡,懈,36,772
肖袨袦袗 袧袝袙袝袪袧蝎袡,懈,36,772
肖袨袦袗 袧袝袙袝袪袧蝎袡,懈,36,772
肖袨袦袗 袧袝袙袝袪袧蝎袡,懈,36,772
肖袨袦袗 袧袝袙袝袪袧蝎袡,懈,36,772
肖袨袦袗 袧袝袙袝袪袧蝎袡,懈,36,772
小孝袗袪袗携 袣袪蝎小袗,懈,16,592
小孝袗袪袗携 袣袪蝎小袗,懈,16,592
小孝袗袪袗携 袣袪蝎小袗,懈,16,592
小孝袗袪袗携 袣袪蝎小袗,懈,16,592
小孝袗袪袗携 袣袪蝎小袗,懈,16,592
小孝袗袪袗携 袣袪蝎小袗,懈,16,592
小孝袗袪袗携 袣袪蝎小袗,懈,16,592
小孝袗袪袗携 袣袪蝎小袗,懈,16,592
小孝袗袪袗携 袣袪蝎小袗,懈,16,592
小孝袗袪袗携 袣袪蝎小袗,懈,16,592
小孝袗袪袗携 袣袪蝎小袗,懈,16,592
小孝袗袪袗携 袣袪蝎小袗,懈,16,592
小孝袗袪袗携 袣袪蝎小袗,懈,16,592
小孝袗袪袗携 袣袪蝎小袗,懈,16,592
小孝袗袪袗携 袣袪蝎小袗,懈,16,592
小孝袗袪袗携 袣袪蝎小袗,懈,16,592
小袩袝楔袧袨袝 袛袝袥袨,懈,17,458
小袩袝楔袧袨袝 袛袝袥袨,懈,17,458
小袩袝楔袧袨袝 袛袝袥袨,懈,17,458
小袩袝楔袧袨袝 袛袝袥袨,懈,17,458
小袩袝楔袧袨袝 袛袝袥袨,懈,17,458
小袩袝楔袧袨袝 袛袝袥袨,懈,17,458
小袩袝楔袧袨袝 袛袝袥袨,懈,17,458
小袩袝楔袧袨袝 袛袝袥袨,懈,17,458
小袩袝楔袧袨袝 袛袝袥袨,懈,17,458
小袩袝楔袧袨袝 袛袝袥袨,懈,17,458
小袩袝楔袧袨袝 袛袝袥袨,懈,17,458
小袩袝楔袧袨袝 袛袝袥袨,懈,17,458
小袩袝楔袧袨袝 袛袝袥袨,懈,17,458
小袩袝楔袧袨袝 袛袝袥袨,懈,17,458
小袩袝楔袧袨袝 袛袝袥袨,懈,17,458
小袩袝楔袧袨袝 袛袝袥袨,懈,17,458
小袩袝楔袧袨袝 袛袝袥袨,懈,17,458
袨小孝袪携袣-小袗袦袨校效袣袗,懈,20,369
袨小孝袪携袣-小袗袦袨校效袣袗,懈,20,369
袨小孝袪携袣-小袗袦袨校效袣袗,懈,20,369
袨小孝袪携袣-小袗袦袨校效袣袗,懈,20,369
袨小孝袪携袣-小袗袦袨校效袣袗,懈,20,369
袨小孝袪携袣-小袗袦袨校效袣袗,懈,20,369
袨小孝袪携袣-小袗袦袨校效袣袗,懈,20,369
袨小孝袪携袣-小袗袦袨校效袣袗,懈,20,369
袨小孝袪携袣-小袗袦袨校效袣袗,懈,20,369
袨小孝袪携袣-小袗袦袨校效袣袗,懈,20,369
袨小孝袪携袣-小袗袦袨校效袣袗,懈,20,369
袨小孝袪携袣-小袗袦袨校效袣袗,懈,20,369
袨小孝袪携袣-小袗袦袨校效袣袗,懈,20,369
袨小孝袪携袣-小袗袦袨校效袣袗,懈,20,369
袨小孝袪携袣-小袗袦袨校效袣袗,懈,20,369
袨小孝袪携袣-小袗袦袨校效袣袗,懈,20,369
袨小孝袪携袣-小袗袦袨校效袣袗,懈,20,369
袨小孝袪携袣-小袗袦袨校效袣袗,懈,20,369
袨小孝袪携袣-小袗袦袨校效袣袗,懈,20,369
袨小孝袪携袣-小袗袦袨校效袣袗,懈,20,369
校袟袝袥,懈,37,826
校袟袝袥,懈,37,826
校袟袝袥,懈,37,826
校袟袝袥,懈,37,826
校袟袝袥,懈,37,826
校袟袝袥,懈,37,826
校袟袝袥,懈,37,826
校袟袝袥,懈,37,826
校袟袝袥,懈,37,826
校袟袝袥,懈,37,826
校袟袝袥,懈,37,826
校袟袝袥,懈,37,826
校袟袝袥,懈,37,826
校袟袝袥,懈,37,826
校袟袝袥,懈,37,826
校袟袝袥,懈,37,826
校袟袝袥,懈,37,826
校袟袝袥,懈,37,826
袦袝些袗袧小袣袠袡 校袣袥袨袧,懈,22,441
袦袝些袗袧小袣袠袡 校袣袥袨袧,懈,22,441
袦袝些袗袧小袣袠袡 校袣袥袨袧,懈,22,441
袦袝些袗袧小袣袠袡 校袣袥袨袧,懈,22,441
袦袝些袗袧小袣袠袡 校袣袥袨袧,懈,22,441
袦袝些袗袧小袣袠袡 校袣袥袨袧,懈,22,441
袦袝些袗袧小袣袠袡 校袣袥袨袧,懈,22,441
袦袝些袗袧小袣袠袡 校袣袥袨袧,懈,22,441
袦袝些袗袧小袣袠袡 校袣袥袨袧,懈,22,441
袦袝些袗袧小袣袠袡 校袣袥袨袧,懈,22,441
袦袝些袗袧小袣袠袡 校袣袥袨袧,懈,22,441
袦袝些袗袧小袣袠袡 校袣袥袨袧,懈,22,441
袦袝些袗袧小袣袠袡 校袣袥袨袧,懈,22,441
袦袝些袗袧小袣袠袡 校袣袥袨袧,懈,22,441
袦袝些袗袧小袣袠袡 校袣袥袨袧,懈,22,441
袦袝些袗袧小袣袠袡 校袣袥袨袧,懈,22,441
袦袝些袗袧小袣袠袡 校袣袥袨袧,懈,22,441
袦袝些袗袧小袣袠袡 校袣袥袨袧,懈,22,441
袦袝些袗袧小袣袠袡 校袣袥袨袧,懈,22,441
袦袝些袗袧小袣袠袡 校袣袥袨袧,懈,22,441
袦袝些袗袧小袣袠袡 校袣袥袨袧,懈,22,441
袦袝些袗袧小袣袠袡 校袣袥袨袧,懈,22,441
孝袝袗孝袪 袛袥携 小袝袘携,懈,18,432
孝袝袗孝袪 袛袥携 小袝袘携,懈,18,432
孝袝袗孝袪 袛袥携 小袝袘携,懈,18,432
孝袝袗孝袪 袛袥携 小袝袘携,懈,18,432
孝袝袗孝袪 袛袥携 小袝袘携,懈,18,432
孝袝袗孝袪 袛袥携 小袝袘携,懈,18,432
孝袝袗孝袪 袛袥携 小袝袘携,懈,18,432
孝袝袗孝袪 袛袥携 小袝袘携,懈,18,432
孝袝袗孝袪 袛袥携 小袝袘携,懈,18,432
孝袝袗孝袪 袛袥携 小袝袘携,懈,18,432
孝袝袗孝袪 袛袥携 小袝袘携,懈,18,432
孝袝袗孝袪 袛袥携 小袝袘携,懈,18,432
孝袝袗孝袪 袛袥携 小袝袘携,懈,18,432
孝袝袗孝袪 袛袥携 小袝袘携,懈,18,432
孝袝袗孝袪 袛袥携 小袝袘携,懈,18,432
孝袝袗孝袪 袛袥携 小袝袘携,懈,18,432
孝袝袗孝袪 袛袥携 小袝袘携,懈,18,432
孝袝袗孝袪 袛袥携 小袝袘携,懈,18,432
袚袠袘袝袥鞋 效袝袥袨袙袝袣袗,懈,22,377
袚袠袘袝袥鞋 效袝袥袨袙袝袣袗,懈,22,377
袚袠袘袝袥鞋 效袝袥袨袙袝袣袗,懈,22,377
袚袠袘袝袥鞋 效袝袥袨袙袝袣袗,懈,22,377
袚袠袘袝袥鞋 效袝袥袨袙袝袣袗,懈,22,377
袚袠袘袝袥鞋 效袝袥袨袙袝袣袗,懈,22,377
袚袠袘袝袥鞋 效袝袥袨袙袝袣袗,懈,22,377
袚袠袘袝袥鞋 效袝袥袨袙袝袣袗,懈,22,377
袚袠袘袝袥鞋 效袝袥袨袙袝袣袗,懈,22,377
袚袠袘袝袥鞋 效袝袥袨袙袝袣袗,懈,22,377
袚袠袘袝袥鞋 效袝袥袨袙袝袣袗,懈,22,377
袚袠袘袝袥鞋 效袝袥袨袙袝袣袗,懈,22,377
袚袠袘袝袥鞋 效袝袥袨袙袝袣袗,懈,22,377
袚袠袘袝袥鞋 效袝袥袨袙袝袣袗,懈,22,377
袚袠袘袝袥鞋 效袝袥袨袙袝袣袗,懈,22,377
袚袠袘袝袥鞋 效袝袥袨袙袝袣袗,懈,22,377
袚袠袘袝袥鞋 效袝袥袨袙袝袣袗,懈,22,377
袚袠袘袝袥鞋 效袝袥袨袙袝袣袗,懈,22,377
袚袠袘袝袥鞋 效袝袥袨袙袝袣袗,懈,22,377
袚袠袘袝袥鞋 效袝袥袨袙袝袣袗,懈,22,377
袚袠袘袝袥鞋 效袝袥袨袙袝袣袗,懈,22,377
袚袠袘袝袥鞋 效袝袥袨袙袝袣袗,懈,22,377
袩袪袝袥袝小孝袠 袣校袥鞋孝校袪蝎,懈,19,760
袩袪袝袥袝小孝袠 袣校袥鞋孝校袪蝎,懈,19,760
袩袪袝袥袝小孝袠 袣校袥鞋孝校袪蝎,懈,19,760
袩袪袝袥袝小孝袠 袣校袥鞋孝校袪蝎,懈,19,760
袩袪袝袥袝小孝袠 袣校袥鞋孝校袪蝎,懈,19,760
袩袪袝袥袝小孝袠 袣校袥鞋孝校袪蝎,懈,19,760
袩袪袝袥袝小孝袠 袣校袥鞋孝校袪蝎,懈,19,760
袩袪袝袥袝小孝袠 袣校袥鞋孝校袪蝎,懈,19,760
袩袪袝袥袝小孝袠 袣校袥鞋孝校袪蝎,懈,19,760
袩袪袝袥袝小孝袠 袣校袥鞋孝校袪蝎,懈,19,760
袩袪袝袥袝小孝袠 袣校袥鞋孝校袪蝎,懈,19,760
袩袪袝袥袝小孝袠 袣校袥鞋孝校袪蝎,懈,19,760
袩袪袝袥袝小孝袠 袣校袥鞋孝校袪蝎,懈,19,760
袩袪袝袥袝小孝袠 袣校袥鞋孝校袪蝎,懈,19,760
袩袪袝袥袝小孝袠 袣校袥鞋孝校袪蝎,懈,19,760
袩袪袝袥袝小孝袠 袣校袥鞋孝校袪蝎,懈,19,760
袩袪袝袥袝小孝袠 袣校袥鞋孝校袪蝎,懈,19,760
袩袪袝袥袝小孝袠 袣校袥鞋孝校袪蝎,懈,19,760
袩袪袝袥袝小孝袠 袣校袥鞋孝校袪蝎,懈,19,760
袛袨袣孝袨袪 袦袝袛袠笑袠袧蝎,懈,36,948
袛袨袣孝袨袪 袦袝袛袠笑袠袧蝎,懈,36,948
袛袨袣孝袨袪 袦袝袛袠笑袠袧蝎,懈,36,948
袛袨袣孝袨袪 袦袝袛袠笑袠袧蝎,懈,36,948
袛袨袣孝袨袪 袦袝袛袠笑袠袧蝎,懈,36,948
袛袨袣孝袨袪 袦袝袛袠笑袠袧蝎,懈,36,948
袛袨袣孝袨袪 袦袝袛袠笑袠袧蝎,懈,36,948
袛袨袣孝袨袪 袦袝袛袠笑袠袧蝎,懈,36,948
袛袨袣孝袨袪 袦袝袛袠笑袠袧蝎,懈,36,948
袛袨袣孝袨袪 袦袝袛袠笑袠袧蝎,懈,36,948
袛袨袣孝袨袪 袦袝袛袠笑袠袧蝎,懈,36,948
袛袨袣孝袨袪 袦袝袛袠笑袠袧蝎,懈,36,948
袛袨袣孝袨袪 袦袝袛袠笑袠袧蝎,懈,36,948
袛袨袣孝袨袪 袦袝袛袠笑袠袧蝎,懈,36,948
袛袨袣孝袨袪 袦袝袛袠笑袠袧蝎,懈,36,948
袛袨袣孝袨袪 袦袝袛袠笑袠袧蝎,懈,36,948
袛袨袣孝袨袪 袦袝袛袠笑袠袧蝎,懈,36,948
袛袨袣孝袨袪 袦袝袛袠笑袠袧蝎,懈,36,948
袛袨袣孝袨袪 袦袝袛袠笑袠袧蝎,懈,36,948
袛袨袣孝袨袪 袦袝袛袠笑袠袧蝎,懈,36,948
袛袨袣孝袨袪 袦袝袛袠笑袠袧蝎,懈,36,948
袛袨袣孝袨袪 袦袝袛袠笑袠袧蝎,懈,36,948
袛袨袣孝袨袪 袦袝袛袠笑袠袧蝎,懈,36,948
袛袨袣孝袨袪 袦袝袛袠笑袠袧蝎,懈,36,948
袛袨袣孝袨袪 袦袝袛袠笑袠袧蝎,懈,36,948
袛袨袣孝袨袪 袦袝袛袠笑袠袧蝎,懈,36,948
袛袨袣孝袨袪 袦袝袛袠笑袠袧蝎,懈,36,948
袛袨袣孝袨袪 袦袝袛袠笑袠袧蝎,懈,36,948
袛袨袣孝袨袪 袦袝袛袠笑袠袧蝎,懈,36,948
袛袨袣孝袨袪 袦袝袛袠笑袠袧蝎,懈,36,948
袛袨袣孝袨袪 袦袝袛袠笑袠袧蝎,懈,36,948
袛袨袣孝袨袪 袦袝袛袠笑袠袧蝎,懈,36,948
袛袨袣孝袨袪 袦袝袛袠笑袠袧蝎,懈,36,948
袛袨袣孝袨袪 袦袝袛袠笑袠袧蝎,懈,36,948
袛袨袣孝袨袪 袦袝袛袠笑袠袧蝎,懈,36,948
袛袨袣孝袨袪 袦袝袛袠笑袠袧蝎,懈,36,948
袥携袥鞋袣袗 袩携孝鞋袛袝小携孝,懈,68,1407
袥携袥鞋袣袗 袩携孝鞋袛袝小携孝,懈,68,1407
袥携袥鞋袣袗 袩携孝鞋袛袝小携孝,懈,68,1407
袥携袥鞋袣袗 袩携孝鞋袛袝小携孝,懈,68,1407
袥携袥鞋袣袗 袩携孝鞋袛袝小携孝,懈,68,1407
袥携袥鞋袣袗 袩携孝鞋袛袝小携孝,懈,68,1407
袥携袥鞋袣袗 袩携孝鞋袛袝小携孝,懈,68,1407
袥携袥鞋袣袗 袩携孝鞋袛袝小携孝,懈,68,1407
袥携袥鞋袣袗 袩携孝鞋袛袝小携孝,懈,68,1407
袥携袥鞋袣袗 袩携孝鞋袛袝小携孝,懈,68,1407
袥携袥鞋袣袗 袩携孝鞋袛袝小携孝,懈,68,1407
袥携袥鞋袣袗 袩携孝鞋袛袝小携孝,懈,68,1407
袥携袥鞋袣袗 袩携孝鞋袛袝小携孝,懈,68,1407
袥携袥鞋袣袗 袩携孝鞋袛袝小携孝,懈,68,1407
袥携袥鞋袣袗 袩携孝鞋袛袝小携孝,懈,68,1407
袥携袥鞋袣袗 袩携孝鞋袛袝小携孝,懈,68,1407
袥携袥鞋袣袗 袩携孝鞋袛袝小携孝,懈,68,1407
袥携袥鞋袣袗 袩携孝鞋袛袝小携孝,懈,68,1407
袥携袥鞋袣袗 袩携孝鞋袛袝小携孝,懈,68,1407
袥携袥鞋袣袗 袩携孝鞋袛袝小携孝,懈,68,1407
袥携袥鞋袣袗 袩携孝鞋袛袝小携孝,懈,68,1407
袥携袥鞋袣袗 袩携孝鞋袛袝小携孝,懈,68,1407
袥携袥鞋袣袗 袩携孝鞋袛袝小携孝,懈,68,1407
袥携袥鞋袣袗 袩携孝鞋袛袝小携孝,懈,68,1407
袥携袥鞋袣袗 袩携孝鞋袛袝小携孝,懈,68,1407
袥携袥鞋袣袗 袩携孝鞋袛袝小携孝,懈,68,1407
袥携袥鞋袣袗 袩携孝鞋袛袝小携孝,懈,68,1407
袥携袥鞋袣袗 袩携孝鞋袛袝小携孝,懈,68,1407
袥携袥鞋袣袗 袩携孝鞋袛袝小携孝,懈,68,1407
袥携袥鞋袣袗 袩携孝鞋袛袝小携孝,懈,68,1407
袥携袥鞋袣袗 袩携孝鞋袛袝小携孝,懈,68,1407
袥携袥鞋袣袗 袩携孝鞋袛袝小携孝,懈,68,1407
袥携袥鞋袣袗 袩携孝鞋袛袝小携孝,懈,68,1407
袥携袥鞋袣袗 袩携孝鞋袛袝小携孝,懈,68,1407
袥携袥鞋袣袗 袩携孝鞋袛袝小携孝,懈,68,1407
袥携袥鞋袣袗 袩携孝鞋袛袝小携孝,懈,68,1407
袥携袥鞋袣袗 袩携孝鞋袛袝小携孝,懈,68,1407
袥携袥鞋袣袗 袩携孝鞋袛袝小携孝,懈,68,1407
袥携袥鞋袣袗 袩携孝鞋袛袝小携孝,懈,68,1407
袥携袥鞋袣袗 袩携孝鞋袛袝小携孝,懈,68,1407
袥携袥鞋袣袗 袩携孝鞋袛袝小携孝,懈,68,1407
袥携袥鞋袣袗 袩携孝鞋袛袝小携孝,懈,68,1407
袥携袥鞋袣袗 袩携孝鞋袛袝小携孝,懈,68,1407
袥携袥鞋袣袗 袩携孝鞋袛袝小携孝,懈,68,1407
袥携袥鞋袣袗 袩携孝鞋袛袝小携孝,懈,68,1407
袥携袥鞋袣袗 袩携孝鞋袛袝小携孝,懈,68,1407
袥携袥鞋袣袗 袩携孝鞋袛袝小携孝,懈,68,1407
袥携袥鞋袣袗 袩携孝鞋袛袝小携孝,懈,68,1407
袥携袥鞋袣袗 袩携孝鞋袛袝小携孝,懈,68,1407
袥携袥鞋袣袗 袩携孝鞋袛袝小携孝,懈,68,1407
袥携袥鞋袣袗 袩携孝鞋袛袝小携孝,懈,68,1407
袥携袥鞋袣袗 袩携孝鞋袛袝小携孝,懈,68,1407
袥携袥鞋袣袗 袩携孝鞋袛袝小携孝,懈,68,1407
袥携袥鞋袣袗 袩携孝鞋袛袝小携孝,懈,68,1407
袥携袥鞋袣袗 袩携孝鞋袛袝小携孝,懈,68,1407
袥携袥鞋袣袗 袩携孝鞋袛袝小携孝,懈,68,1407
袥携袥鞋袣袗 袩携孝鞋袛袝小携孝,懈,68,1407
袥携袥鞋袣袗 袩携孝鞋袛袝小携孝,懈,68,1407
袥携袥鞋袣袗 袩携孝鞋袛袝小携孝,懈,68,1407
袥携袥鞋袣袗 袩携孝鞋袛袝小携孝,懈,68,1407
袥携袥鞋袣袗 袩携孝鞋袛袝小携孝,懈,68,1407
袥携袥鞋袣袗 袩携孝鞋袛袝小携孝,懈,68,1407
袥携袥鞋袣袗 袩携孝鞋袛袝小携孝,懈,68,1407
袥携袥鞋袣袗 袩携孝鞋袛袝小携孝,懈,68,1407
袥携袥鞋袣袗 袩携孝鞋袛袝小携孝,懈,68,1407
袥携袥鞋袣袗 袩携孝鞋袛袝小携孝,懈,68,1407
袥携袥鞋袣袗 袩携孝鞋袛袝小携孝,懈,68,1407
袥携袥鞋袣袗 袩携孝鞋袛袝小携孝,懈,68,1407
小孝袗袣袗袧,懈,28,547
小孝袗袣袗袧,懈,28,547
小孝袗袣袗袧,懈,28,547
小孝袗袣袗袧,懈,28,547
小孝袗袣袗袧,懈,28,547
小孝袗袣袗袧,懈,28,547
小孝袗袣袗袧,懈,28,547
小孝袗袣袗袧,懈,28,547
小孝袗袣袗袧,懈,28,547
小孝袗袣袗袧,懈,28,547
小孝袗袣袗袧,懈,28,547
小孝袗袣袗袧,懈,28,547
小孝袗袣袗袧,懈,28,547
小孝袗袣袗袧,懈,28,547
小孝袗袣袗袧,懈,28,547
小孝袗袣袗袧,懈,28,547
小孝袗袣袗袧,懈,28,547
小孝袗袣袗袧,懈,28,547
小孝袗袣袗袧,懈,28,547
小孝袗袣袗袧,懈,28,547
小孝袗袣袗袧,懈,28,547
小孝袗袣袗袧,懈,28,547
小孝袗袣袗袧,懈,28,547
小孝袗袣袗袧,懈,28,547
小孝袗袣袗袧,懈,28,547
小孝袗袣袗袧,懈,28,547
小孝袗袣袗袧,懈,28,547
小孝袗袣袗袧,懈,28,547
袣袪袝小孝鞋携袧小袣袠袡 小袗袦袨袪袨袛袨袣,懈,23,613
袣袪袝小孝鞋携袧小袣袠袡 小袗袦袨袪袨袛袨袣,懈,23,613
袣袪袝小孝鞋携袧小袣袠袡 小袗袦袨袪袨袛袨袣,懈,23,613
袣袪袝小孝鞋携袧小袣袠袡 小袗袦袨袪袨袛袨袣,懈,23,613
袣袪袝小孝鞋携袧小袣袠袡 小袗袦袨袪袨袛袨袣,懈,23,613
袣袪袝小孝鞋携袧小袣袠袡 小袗袦袨袪袨袛袨袣,懈,23,613
袣袪袝小孝鞋携袧小袣袠袡 小袗袦袨袪袨袛袨袣,懈,23,613
袣袪袝小孝鞋携袧小袣袠袡 小袗袦袨袪袨袛袨袣,懈,23,613
袣袪袝小孝鞋携袧小袣袠袡 小袗袦袨袪袨袛袨袣,懈,23,613
袣袪袝小孝鞋携袧小袣袠袡 小袗袦袨袪袨袛袨袣,懈,23,613
袣袪袝小孝鞋携袧小袣袠袡 小袗袦袨袪袨袛袨袣,懈,23,613
袣袪袝小孝鞋携袧小袣袠袡 小袗袦袨袪袨袛袨袣,懈,23,613
袣袪袝小孝鞋携袧小袣袠袡 小袗袦袨袪袨袛袨袣,懈,23,613
袣袪袝小孝鞋携袧小袣袠袡 小袗袦袨袪袨袛袨袣,懈,23,613
袣袪袝小孝鞋携袧小袣袠袡 小袗袦袨袪袨袛袨袣,懈,23,613
袣袪袝小孝鞋携袧小袣袠袡 小袗袦袨袪袨袛袨袣,懈,23,613
袣袪袝小孝鞋携袧小袣袠袡 小袗袦袨袪袨袛袨袣,懈,23,613
袣袪袝小孝鞋携袧小袣袠袡 小袗袦袨袪袨袛袨袣,懈,23,613
袣袪袝小孝鞋携袧小袣袠袡 小袗袦袨袪袨袛袨袣,懈,23,613
袣袪袝小孝鞋携袧小袣袠袡 小袗袦袨袪袨袛袨袣,懈,23,613
袣袪袝小孝鞋携袧小袣袠袡 小袗袦袨袪袨袛袨袣,懈,23,613
袣袪袝小孝鞋携袧小袣袠袡 小袗袦袨袪袨袛袨袣,懈,23,613
袣袪袝小孝鞋携袧小袣袠袡 小袗袦袨袪袨袛袨袣,懈,23,613
袘袗袧携,懈,9,560
袘袗袧携,懈,9,560
袘袗袧携,懈,9,560
袘袗袧携,懈,9,560
袘袗袧携,懈,9,560
袘袗袧携,懈,9,560
袘袗袧携,懈,9,560
袘袗袧携,懈,9,560
袘袗袧携,懈,9,560
袘袪袗袣 袩袨 袪袗小效袝孝校,懈,37,732
袘袪袗袣 袩袨 袪袗小效袝孝校,懈,37,732
袘袪袗袣 袩袨 袪袗小效袝孝校,懈,37,732
袘袪袗袣 袩袨 袪袗小效袝孝校,懈,37,732
袘袪袗袣 袩袨 袪袗小效袝孝校,懈,37,732
袘袪袗袣 袩袨 袪袗小效袝孝校,懈,37,732
袘袪袗袣 袩袨 袪袗小效袝孝校,懈,37,732
袘袪袗袣 袩袨 袪袗小效袝孝校,懈,37,732
袘袪袗袣 袩袨 袪袗小效袝孝校,懈,37,732
袘袪袗袣 袩袨 袪袗小效袝孝校,懈,37,732
袘袪袗袣 袩袨 袪袗小效袝孝校,懈,37,732
袘袪袗袣 袩袨 袪袗小效袝孝校,懈,37,732
袘袪袗袣 袩袨 袪袗小效袝孝校,懈,37,732
袘袪袗袣 袩袨 袪袗小效袝孝校,懈,37,732
袘袪袗袣 袩袨 袪袗小效袝孝校,懈,37,732
袘袪袗袣 袩袨 袪袗小效袝孝校,懈,37,732
袘袪袗袣 袩袨 袪袗小效袝孝校,懈,37,732
袘袪袗袣 袩袨 袪袗小效袝孝校,懈,37,732
袘袪袗袣 袩袨 袪袗小效袝孝校,懈,37,732
袘袪袗袣 袩袨 袪袗小效袝孝校,懈,37,732
袘袪袗袣 袩袨 袪袗小效袝孝校,懈,37,732
袘袪袗袣 袩袨 袪袗小效袝孝校,懈,37,732
袘袪袗袣 袩袨 袪袗小效袝孝校,懈,37,732
袘袪袗袣 袩袨 袪袗小效袝孝校,懈,37,732
袘袪袗袣 袩袨 袪袗小效袝孝校,懈,37,732
袘袪袗袣 袩袨 袪袗小效袝孝校,懈,37,732
袘袪袗袣 袩袨 袪袗小效袝孝校,懈,37,732
袘袪袗袣 袩袨 袪袗小效袝孝校,懈,37,732
袘袪袗袣 袩袨 袪袗小效袝孝校,懈,37,732
袘袪袗袣 袩袨 袪袗小效袝孝校,懈,37,732
袘袪袗袣 袩袨 袪袗小效袝孝校,懈,37,732
袘袪袗袣 袩袨 袪袗小效袝孝校,懈,37,732
袘袪袗袣 袩袨 袪袗小效袝孝校,懈,37,732
袘袪袗袣 袩袨 袪袗小效袝孝校,懈,37,732
袘袪袗袣 袩袨 袪袗小效袝孝校,懈,37,732
袘袪袗袣 袩袨 袪袗小效袝孝校,懈,37,732
袘袪袗袣 袩袨 袪袗小效袝孝校,懈,37,732
袗袣孝袝袪,懈,13,592
袗袣孝袝袪,懈,13,592
袗袣孝袝袪,懈,13,592
袗袣孝袝袪,懈,13,592
袗袣孝袝袪,懈,13,592
袗袣孝袝袪,懈,13,592
袗袣孝袝袪,懈,13,592
袗袣孝袝袪,懈,13,592
袗袣孝袝袪,懈,13,592
袗袣孝袝袪,懈,13,592
袗袣孝袝袪,懈,13,592
袗袣孝袝袪,懈,13,592
袗袣孝袝袪,懈,13,592
袦袨袧孝袝袪,懈,15,500
袦袨袧孝袝袪,懈,15,500
袦袨袧孝袝袪,懈,15,500
袦袨袧孝袝袪,懈,15,500
袦袨袧孝袝袪,懈,15,500
袦袨袧孝袝袪,懈,15,500
袦袨袧孝袝袪,懈,15,500
袦袨袧孝袝袪,懈,15,500
袦袨袧孝袝袪,懈,15,500
袦袨袧孝袝袪,懈,15,500
袦袨袧孝袝袪,懈,15,500
袦袨袧孝袝袪,懈,15,500
袦袨袧孝袝袪,懈,15,500
袦袨袧孝袝袪,懈,15,500
袦袨袧孝袝袪,懈,15,500
袦袝些袗袧袝,懈,23,450
袦袝些袗袧袝,懈,23,450
袦袝些袗袧袝,懈,23,450
袦袝些袗袧袝,懈,23,450
袦袝些袗袧袝,懈,23,450
袦袝些袗袧袝,懈,23,450
袦袝些袗袧袝,懈,23,450
袦袝些袗袧袝,懈,23,450
袦袝些袗袧袝,懈,23,450
袦袝些袗袧袝,懈,23,450
袦袝些袗袧袝,懈,23,450
袦袝些袗袧袝,懈,23,450
袦袝些袗袧袝,懈,23,450
袦袝些袗袧袝,懈,23,450
袦袝些袗袧袝,懈,23,450
袦袝些袗袧袝,懈,23,450
袦袝些袗袧袝,懈,23,450
袦袝些袗袧袝,懈,23,450
袦袝些袗袧袝,懈,23,450
袦袝些袗袧袝,懈,23,450
袦袝些袗袧袝,懈,23,450
袦袝些袗袧袝,懈,23,450
袦袝些袗袧袝,懈,23,450
袨袩袝袪袗笑袠携,懈,14,471
袨袩袝袪袗笑袠携,懈,14,471
袨袩袝袪袗笑袠携,懈,14,471
袨袩袝袪袗笑袠携,懈,14,471
袨袩袝袪袗笑袠携,懈,14,471
袨袩袝袪袗笑袠携,懈,14,471
袨袩袝袪袗笑袠携,懈,14,471
袨袩袝袪袗笑袠携,懈,14,471
袨袩袝袪袗笑袠携,懈,14,471
袨袩袝袪袗笑袠携,懈,14,471
袨袩袝袪袗笑袠携,懈,14,471
袨袩袝袪袗笑袠携,懈,14,471
袨袩袝袪袗笑袠携,懈,14,471
袨袩袝袪袗笑袠携,懈,14,471
袦袝袥袣袠袡 小袥校效袗袡,懈,13,723
袦袝袥袣袠袡 小袥校效袗袡,懈,13,723
袦袝袥袣袠袡 小袥校效袗袡,懈,13,723
袦袝袥袣袠袡 小袥校效袗袡,懈,13,723
袦袝袥袣袠袡 小袥校效袗袡,懈,13,723
袦袝袥袣袠袡 小袥校效袗袡,懈,13,723
袦袝袥袣袠袡 小袥校效袗袡,懈,13,723
袦袝袥袣袠袡 小袥校效袗袡,懈,13,723
袦袝袥袣袠袡 小袥校效袗袡,懈,13,723
袦袝袥袣袠袡 小袥校效袗袡,懈,13,723
袦袝袥袣袠袡 小袥校效袗袡,懈,13,723
袦袝袥袣袠袡 小袥校效袗袡,懈,13,723
袦袝袥袣袠袡 小袥校效袗袡,懈,13,723
袩校楔袣袠袧,懈,18,612
袩校楔袣袠袧,懈,18,612
袩校楔袣袠袧,懈,18,612
袩校楔袣袠袧,懈,18,612
袩校楔袣袠袧,懈,18,612
袩校楔袣袠袧,懈,18,612
袩校楔袣袠袧,懈,18,612
袩校楔袣袠袧,懈,18,612
袩校楔袣袠袧,懈,18,612
袩校楔袣袠袧,懈,18,612
袩校楔袣袠袧,懈,18,612
袩校楔袣袠袧,懈,18,612
袩校楔袣袠袧,懈,18,612
袩校楔袣袠袧,懈,18,612
袩校楔袣袠袧,懈,18,612
袩校楔袣袠袧,懈,18,612
袩校楔袣袠袧,懈,18,612
袩校楔袣袠袧,懈,18,612
袟袗袩袗袛袧携,懈,31,899
袟袗袩袗袛袧携,懈,31,899
袟袗袩袗袛袧携,懈,31,899
袟袗袩袗袛袧携,懈,31,899
袟袗袩袗袛袧携,懈,31,899
袟袗袩袗袛袧携,懈,31,899
袟袗袩袗袛袧携,懈,31,899
袟袗袩袗袛袧携,懈,31,899
袟袗袩袗袛袧携,懈,31,899
袟袗袩袗袛袧携,懈,31,899
袟袗袩袗袛袧携,懈,31,899
袟袗袩袗袛袧携,懈,31,899
袟袗袩袗袛袧携,懈,31,899
袟袗袩袗袛袧携,懈,31,899
袟袗袩袗袛袧携,懈,31,899
袟袗袩袗袛袧携,懈,31,899
袟袗袩袗袛袧携,懈,31,899
袟袗袩袗袛袧携,懈,31,899
袟袗袩袗袛袧携,懈,31,899
袟袗袩袗袛袧携,懈,31,899
袟袗袩袗袛袧携,懈,31,899
袟袗袩袗袛袧携,懈,31,899
袟袗袩袗袛袧携,懈,31,899
袟袗袩袗袛袧携,懈,31,899
袟袗袩袗袛袧携,懈,31,899
袟袗袩袗袛袧携,懈,31,899
袟袗袩袗袛袧携,懈,31,899
袟袗袩袗袛袧携,懈,31,899
袟袗袩袗袛袧携,懈,31,899
袟袗袩袗袛袧携,懈,31,899
袟袗袩袗袛袧携,懈,31,899
袠小孝袨袪袠携 袘袨袥袝袟袧袠,懈,67,1249
袠小孝袨袪袠携 袘袨袥袝袟袧袠,懈,67,1249
袠小孝袨袪袠携 袘袨袥袝袟袧袠,懈,67,1249
袠小孝袨袪袠携 袘袨袥袝袟袧袠,懈,67,1249
袠小孝袨袪袠携 袘袨袥袝袟袧袠,懈,67,1249
袠小孝袨袪袠携 袘袨袥袝袟袧袠,懈,67,1249
袠小孝袨袪袠携 袘袨袥袝袟袧袠,懈,67,1249
袠小孝袨袪袠携 袘袨袥袝袟袧袠,懈,67,1249
袠小孝袨袪袠携 袘袨袥袝袟袧袠,懈,67,1249
袠小孝袨袪袠携 袘袨袥袝袟袧袠,懈,67,1249
袠小孝袨袪袠携 袘袨袥袝袟袧袠,懈,67,1249
袠小孝袨袪袠携 袘袨袥袝袟袧袠,懈,67,1249
袠小孝袨袪袠携 袘袨袥袝袟袧袠,懈,67,1249
袠小孝袨袪袠携 袘袨袥袝袟袧袠,懈,67,1249
袠小孝袨袪袠携 袘袨袥袝袟袧袠,懈,67,1249
袠小孝袨袪袠携 袘袨袥袝袟袧袠,懈,67,1249
袠小孝袨袪袠携 袘袨袥袝袟袧袠,懈,67,1249
袠小孝袨袪袠携 袘袨袥袝袟袧袠,懈,67,1249
袠小孝袨袪袠携 袘袨袥袝袟袧袠,懈,67,1249
袠小孝袨袪袠携 袘袨袥袝袟袧袠,懈,67,1249
袠小孝袨袪袠携 袘袨袥袝袟袧袠,懈,67,1249
袠小孝袨袪袠携 袘袨袥袝袟袧袠,懈,67,1249
袠小孝袨袪袠携 袘袨袥袝袟袧袠,懈,67,1249
袠小孝袨袪袠携 袘袨袥袝袟袧袠,懈,67,1249
袠小孝袨袪袠携 袘袨袥袝袟袧袠,懈,67,1249
袠小孝袨袪袠携 袘袨袥袝袟袧袠,懈,67,1249
袠小孝袨袪袠携 袘袨袥袝袟袧袠,懈,67,1249
袠小孝袨袪袠携 袘袨袥袝袟袧袠,懈,67,1249
袠小孝袨袪袠携 袘袨袥袝袟袧袠,懈,67,1249
袠小孝袨袪袠携 袘袨袥袝袟袧袠,懈,67,1249
袠小孝袨袪袠携 袘袨袥袝袟袧袠,懈,67,1249
袠小孝袨袪袠携 袘袨袥袝袟袧袠,懈,67,1249
袠小孝袨袪袠携 袘袨袥袝袟袧袠,懈,67,1249
袠小孝袨袪袠携 袘袨袥袝袟袧袠,懈,67,1249
袠小孝袨袪袠携 袘袨袥袝袟袧袠,懈,67,1249
袠小孝袨袪袠携 袘袨袥袝袟袧袠,懈,67,1249
袠小孝袨袪袠携 袘袨袥袝袟袧袠,懈,67,1249
袠小孝袨袪袠携 袘袨袥袝袟袧袠,懈,67,1249
袠小孝袨袪袠携 袘袨袥袝袟袧袠,懈,67,1249
袠小孝袨袪袠携 袘袨袥袝袟袧袠,懈,67,1249
袠小孝袨袪袠携 袘袨袥袝袟袧袠,懈,67,1249
袠小孝袨袪袠携 袘袨袥袝袟袧袠,懈,67,1249
袠小孝袨袪袠携 袘袨袥袝袟袧袠,懈,67,1249
袠小孝袨袪袠携 袘袨袥袝袟袧袠,懈,67,1249
袠小孝袨袪袠携 袘袨袥袝袟袧袠,懈,67,1249
袠小孝袨袪袠携 袘袨袥袝袟袧袠,懈,67,1249
袠小孝袨袪袠携 袘袨袥袝袟袧袠,懈,67,1249
袠小孝袨袪袠携 袘袨袥袝袟袧袠,懈,67,1249
袠小孝袨袪袠携 袘袨袥袝袟袧袠,懈,67,1249
袠小孝袨袪袠携 袘袨袥袝袟袧袠,懈,67,1249
袠小孝袨袪袠携 袘袨袥袝袟袧袠,懈,67,1249
袠小孝袨袪袠携 袘袨袥袝袟袧袠,懈,67,1249
袠小孝袨袪袠携 袘袨袥袝袟袧袠,懈,67,1249
袠小孝袨袪袠携 袘袨袥袝袟袧袠,懈,67,1249
袠小孝袨袪袠携 袘袨袥袝袟袧袠,懈,67,1249
袠小孝袨袪袠携 袘袨袥袝袟袧袠,懈,67,1249
袠小孝袨袪袠携 袘袨袥袝袟袧袠,懈,67,1249
袠小孝袨袪袠携 袘袨袥袝袟袧袠,懈,67,1249
袠小孝袨袪袠携 袘袨袥袝袟袧袠,懈,67,1249
袠小孝袨袪袠携 袘袨袥袝袟袧袠,懈,67,1249
袠小孝袨袪袠携 袘袨袥袝袟袧袠,懈,67,1249
袠小孝袨袪袠携 袘袨袥袝袟袧袠,懈,67,1249
袠小孝袨袪袠携 袘袨袥袝袟袧袠,懈,67,1249
袠小孝袨袪袠携 袘袨袥袝袟袧袠,懈,67,1249
袠小孝袨袪袠携 袘袨袥袝袟袧袠,懈,67,1249
袠小孝袨袪袠携 袘袨袥袝袟袧袠,懈,67,1249
袠小孝袨袪袠携 袘袨袥袝袟袧袠,懈,67,1249
袩袨小袥袝袛袧携携 袧袝袩袪袠携孝袧袨小孝鞋,懈,43,1043
袩袨小袥袝袛袧携携 袧袝袩袪袠携孝袧袨小孝鞋,懈,43,1043
袩袨小袥袝袛袧携携 袧袝袩袪袠携孝袧袨小孝鞋,懈,43,1043
袩袨小袥袝袛袧携携 袧袝袩袪袠携孝袧袨小孝鞋,懈,43,1043
袩袨小袥袝袛袧携携 袧袝袩袪袠携孝袧袨小孝鞋,懈,43,1043
袩袨小袥袝袛袧携携 袧袝袩袪袠携孝袧袨小孝鞋,懈,43,1043
袩袨小袥袝袛袧携携 袧袝袩袪袠携孝袧袨小孝鞋,懈,43,1043
袩袨小袥袝袛袧携携 袧袝袩袪袠携孝袧袨小孝鞋,懈,43,1043
袩袨小袥袝袛袧携携 袧袝袩袪袠携孝袧袨小孝鞋,懈,43,1043
袩袨小袥袝袛袧携携 袧袝袩袪袠携孝袧袨小孝鞋,懈,43,1043
袩袨小袥袝袛袧携携 袧袝袩袪袠携孝袧袨小孝鞋,懈,43,1043
袩袨小袥袝袛袧携携 袧袝袩袪袠携孝袧袨小孝鞋,懈,43,1043
袩袨小袥袝袛袧携携 袧袝袩袪袠携孝袧袨小孝鞋,懈,43,1043
袩袨小袥袝袛袧携携 袧袝袩袪袠携孝袧袨小孝鞋,懈,43,1043
袩袨小袥袝袛袧携携 袧袝袩袪袠携孝袧袨小孝鞋,懈,43,1043
袩袨小袥袝袛袧携携 袧袝袩袪袠携孝袧袨小孝鞋,懈,43,1043
袩袨小袥袝袛袧携携 袧袝袩袪袠携孝袧袨小孝鞋,懈,43,1043
袩袨小袥袝袛袧携携 袧袝袩袪袠携孝袧袨小孝鞋,懈,43,1043
袩袨小袥袝袛袧携携 袧袝袩袪袠携孝袧袨小孝鞋,懈,43,1043
袩袨小袥袝袛袧携携 袧袝袩袪袠携孝袧袨小孝鞋,懈,43,1043
袩袨小袥袝袛袧携携 袧袝袩袪袠携孝袧袨小孝鞋,懈,43,1043
袩袨小袥袝袛袧携携 袧袝袩袪袠携孝袧袨小孝鞋,懈,43,1043
袩袨小袥袝袛袧携携 袧袝袩袪袠携孝袧袨小孝鞋,懈,43,1043
袩袨小袥袝袛袧携携 袧袝袩袪袠携孝袧袨小孝鞋,懈,43,1043
袩袨小袥袝袛袧携携 袧袝袩袪袠携孝袧袨小孝鞋,懈,43,1043
袩袨小袥袝袛袧携携 袧袝袩袪袠携孝袧袨小孝鞋,懈,43,1043
袩袨小袥袝袛袧携携 袧袝袩袪袠携孝袧袨小孝鞋,懈,43,1043
袩袨小袥袝袛袧携携 袧袝袩袪袠携孝袧袨小孝鞋,懈,43,1043
袩袨小袥袝袛袧携携 袧袝袩袪袠携孝袧袨小孝鞋,懈,43,1043
袩袨小袥袝袛袧携携 袧袝袩袪袠携孝袧袨小孝鞋,懈,43,1043
袩袨小袥袝袛袧携携 袧袝袩袪袠携孝袧袨小孝鞋,懈,43,1043
袩袨小袥袝袛袧携携 袧袝袩袪袠携孝袧袨小孝鞋,懈,43,1043
袩袨小袥袝袛袧携携 袧袝袩袪袠携孝袧袨小孝鞋,懈,43,1043
袩袨小袥袝袛袧携携 袧袝袩袪袠携孝袧袨小孝鞋,懈,43,1043
袩袨小袥袝袛袧携携 袧袝袩袪袠携孝袧袨小孝鞋,懈,43,1043
袩袨小袥袝袛袧携携 袧袝袩袪袠携孝袧袨小孝鞋,懈,43,1043
袩袨小袥袝袛袧携携 袧袝袩袪袠携孝袧袨小孝鞋,懈,43,1043
袩袨小袥袝袛袧携携 袧袝袩袪袠携孝袧袨小孝鞋,懈,43,1043
袩袨小袥袝袛袧携携 袧袝袩袪袠携孝袧袨小孝鞋,懈,43,1043
袩袨小袥袝袛袧携携 袧袝袩袪袠携孝袧袨小孝鞋,懈,43,1043
袩袨小袥袝袛袧携携 袧袝袩袪袠携孝袧袨小孝鞋,懈,43,1043
袩袨小袥袝袛袧携携 袧袝袩袪袠携孝袧袨小孝鞋,懈,43,1043
袩袨小袥袝袛袧携携 袧袝袩袪袠携孝袧袨小孝鞋,懈,43,1043
袣袗袪袦袗袧袧袗携 袣袪袗袞袗,懈,4,142
袣袗袪袦袗袧袧袗携 袣袪袗袞袗,懈,4,142
袣袗袪袦袗袧袧袗携 袣袪袗袞袗,懈,4,142
袣袗袪袦袗袧袧袗携 袣袪袗袞袗,懈,4,142
孝携袚袗 袣 效孝袝袧袠挟,懈,12,228
孝携袚袗 袣 效孝袝袧袠挟,懈,12,228
孝携袚袗 袣 效孝袝袧袠挟,懈,12,228
孝携袚袗 袣 效孝袝袧袠挟,懈,12,228
孝携袚袗 袣 效孝袝袧袠挟,懈,12,228
孝携袚袗 袣 效孝袝袧袠挟,懈,12,228
孝携袚袗 袣 效孝袝袧袠挟,懈,12,228
孝携袚袗 袣 效孝袝袧袠挟,懈,12,228
孝携袚袗 袣 效孝袝袧袠挟,懈,12,228
孝携袚袗 袣 效孝袝袧袠挟,懈,12,228
孝携袚袗 袣 效孝袝袧袠挟,懈,12,228
孝携袚袗 袣 效孝袝袧袠挟,懈,12,228
袣袪袝袩袣袗携 袞袝袧些袠袧袗,懈,11,232
袣袪袝袩袣袗携 袞袝袧些袠袧袗,懈,11,232
袣袪袝袩袣袗携 袞袝袧些袠袧袗,懈,11,232
袣袪袝袩袣袗携 袞袝袧些袠袧袗,懈,11,232
袣袪袝袩袣袗携 袞袝袧些袠袧袗,懈,11,232
袣袪袝袩袣袗携 袞袝袧些袠袧袗,懈,11,232
袣袪袝袩袣袗携 袞袝袧些袠袧袗,懈,11,232
袣袪袝袩袣袗携 袞袝袧些袠袧袗,懈,11,232
袣袪袝袩袣袗携 袞袝袧些袠袧袗,懈,11,232
袣袪袝袩袣袗携 袞袝袧些袠袧袗,懈,11,232
袣袪袝袩袣袗携 袞袝袧些袠袧袗,懈,11,232
袛袝楔袝袙袗携 袪袗小袩袪袨袛袗袞袗,懈,14,308
袛袝楔袝袙袗携 袪袗小袩袪袨袛袗袞袗,懈,14,308
袛袝楔袝袙袗携 袪袗小袩袪袨袛袗袞袗,懈,14,308
袛袝楔袝袙袗携 袪袗小袩袪袨袛袗袞袗,懈,14,308
袛袝楔袝袙袗携 袪袗小袩袪袨袛袗袞袗,懈,14,308
袛袝楔袝袙袗携 袪袗小袩袪袨袛袗袞袗,懈,14,308
袛袝楔袝袙袗携 袪袗小袩袪袨袛袗袞袗,懈,14,308
袛袝楔袝袙袗携 袪袗小袩袪袨袛袗袞袗,懈,14,308
袛袝楔袝袙袗携 袪袗小袩袪袨袛袗袞袗,懈,14,308
袛袝楔袝袙袗携 袪袗小袩袪袨袛袗袞袗,懈,14,308
袛袝楔袝袙袗携 袪袗小袩袪袨袛袗袞袗,懈,14,308
袛袝楔袝袙袗携 袪袗小袩袪袨袛袗袞袗,懈,14,308
袛袝楔袝袙袗携 袪袗小袩袪袨袛袗袞袗,懈,14,308
袛袝楔袝袙袗携 袪袗小袩袪袨袛袗袞袗,懈,14,308
袦袨袧袗小孝蝎袪鞋,懈,63,1074
袦袨袧袗小孝蝎袪鞋,懈,63,1074
袦袨袧袗小孝蝎袪鞋,懈,63,1074
袦袨袧袗小孝蝎袪鞋,懈,63,1074
袦袨袧袗小孝蝎袪鞋,懈,63,1074
袦袨袧袗小孝蝎袪鞋,懈,63,1074
袦袨袧袗小孝蝎袪鞋,懈,63,1074
袦袨袧袗小孝蝎袪鞋,懈,63,1074
袦袨袧袗小孝蝎袪鞋,懈,63,1074
袦袨袧袗小孝蝎袪鞋,懈,63,1074
袦袨袧袗小孝蝎袪鞋,懈,63,1074
袦袨袧袗小孝蝎袪鞋,懈,63,1074
袦袨袧袗小孝蝎袪鞋,懈,63,1074
袦袨袧袗小孝蝎袪鞋,懈,63,1074
袦袨袧袗小孝蝎袪鞋,懈,63,1074
袦袨袧袗小孝蝎袪鞋,懈,63,1074
袦袨袧袗小孝蝎袪鞋,懈,63,1074
袦袨袧袗小孝蝎袪鞋,懈,63,1074
袦袨袧袗小孝蝎袪鞋,懈,63,1074
袦袨袧袗小孝蝎袪鞋,懈,63,1074
袦袨袧袗小孝蝎袪鞋,懈,63,1074
袦袨袧袗小孝蝎袪鞋,懈,63,1074
袦袨袧袗小孝蝎袪鞋,懈,63,1074
袦袨袧袗小孝蝎袪鞋,懈,63,1074
袦袨袧袗小孝蝎袪鞋,懈,63,1074
袦袨袧袗小孝蝎袪鞋,懈,63,1074
袦袨袧袗小孝蝎袪鞋,懈,63,1074
袦袨袧袗小孝蝎袪鞋,懈,63,1074
袦袨袧袗小孝蝎袪鞋,懈,63,1074
袦袨袧袗小孝蝎袪鞋,懈,63,1074
袦袨袧袗小孝蝎袪鞋,懈,63,1074
袦袨袧袗小孝蝎袪鞋,懈,63,1074
袦袨袧袗小孝蝎袪鞋,懈,63,1074
袦袨袧袗小孝蝎袪鞋,懈,63,1074
袦袨袧袗小孝蝎袪鞋,懈,63,1074
袦袨袧袗小孝蝎袪鞋,懈,63,1074
袦袨袧袗小孝蝎袪鞋,懈,63,1074
袦袨袧袗小孝蝎袪鞋,懈,63,1074
袦袨袧袗小孝蝎袪鞋,懈,63,1074
袦袨袧袗小孝蝎袪鞋,懈,63,1074
袦袨袧袗小孝蝎袪鞋,懈,63,1074
袦袨袧袗小孝蝎袪鞋,懈,63,1074
袦袨袧袗小孝蝎袪鞋,懈,63,1074
袦袨袧袗小孝蝎袪鞋,懈,63,1074
袦袨袧袗小孝蝎袪鞋,懈,63,1074
袦袨袧袗小孝蝎袪鞋,懈,63,1074
袦袨袧袗小孝蝎袪鞋,懈,63,1074
袦袨袧袗小孝蝎袪鞋,懈,63,1074
袦袨袧袗小孝蝎袪鞋,懈,63,1074
袦袨袧袗小孝蝎袪鞋,懈,63,1074
袦袨袧袗小孝蝎袪鞋,懈,63,1074
袦袨袧袗小孝蝎袪鞋,懈,63,1074
袦袨袧袗小孝蝎袪鞋,懈,63,1074
袦袨袧袗小孝蝎袪鞋,懈,63,1074
袦袨袧袗小孝蝎袪鞋,懈,63,1074
袦袨袧袗小孝蝎袪鞋,懈,63,1074
袦袨袧袗小孝蝎袪鞋,懈,63,1074
袦袨袧袗小孝蝎袪鞋,懈,63,1074
袦袨袧袗小孝蝎袪鞋,懈,63,1074
袦袨袧袗小孝蝎袪鞋,懈,63,1074
袦袨袧袗小孝蝎袪鞋,懈,63,1074
袦袨袧袗小孝蝎袪鞋,懈,63,1074
袦袨袧袗小孝蝎袪鞋,懈,63,1074
袗袪袠小孝袨袣袪袗孝袣袗,懈,35,747
袗袪袠小孝袨袣袪袗孝袣袗,懈,35,747
袗袪袠小孝袨袣袪袗孝袣袗,懈,35,747
袗袪袠小孝袨袣袪袗孝袣袗,懈,35,747
袗袪袠小孝袨袣袪袗孝袣袗,懈,35,747
袗袪袠小孝袨袣袪袗孝袣袗,懈,35,747
袗袪袠小孝袨袣袪袗孝袣袗,懈,35,747
袗袪袠小孝袨袣袪袗孝袣袗,懈,35,747
袗袪袠小孝袨袣袪袗孝袣袗,懈,35,747
袗袪袠小孝袨袣袪袗孝袣袗,懈,35,747
袗袪袠小孝袨袣袪袗孝袣袗,懈,35,747
袗袪袠小孝袨袣袪袗孝袣袗,懈,35,747
袗袪袠小孝袨袣袪袗孝袣袗,懈,35,747
袗袪袠小孝袨袣袪袗孝袣袗,懈,35,747
袗袪袠小孝袨袣袪袗孝袣袗,懈,35,747
袗袪袠小孝袨袣袪袗孝袣袗,懈,35,747
袗袪袠小孝袨袣袪袗孝袣袗,懈,35,747
袗袪袠小孝袨袣袪袗孝袣袗,懈,35,747
袗袪袠小孝袨袣袪袗孝袣袗,懈,35,747
袗袪袠小孝袨袣袪袗孝袣袗,懈,35,747
袗袪袠小孝袨袣袪袗孝袣袗,懈,35,747
袗袪袠小孝袨袣袪袗孝袣袗,懈,35,747
袗袪袠小孝袨袣袪袗孝袣袗,懈,35,747
袗袪袠小孝袨袣袪袗孝袣袗,懈,35,747
袗袪袠小孝袨袣袪袗孝袣袗,懈,35,747
袗袪袠小孝袨袣袪袗孝袣袗,懈,35,747
袗袪袠小孝袨袣袪袗孝袣袗,懈,35,747
袗袪袠小孝袨袣袪袗孝袣袗,懈,35,747
袗袪袠小孝袨袣袪袗孝袣袗,懈,35,747
袗袪袠小孝袨袣袪袗孝袣袗,懈,35,747
袗袪袠小孝袨袣袪袗孝袣袗,懈,35,747
袗袪袠小孝袨袣袪袗孝袣袗,懈,35,747
袗袪袠小孝袨袣袪袗孝袣袗,懈,35,747
袗袪袠小孝袨袣袪袗孝袣袗,懈,35,747
袗袪袠小孝袨袣袪袗孝袣袗,懈,35,747
袞袝袪孝袙袗 袪袝袙袨袥挟笑袠袠,懈,45,786
袞袝袪孝袙袗 袪袝袙袨袥挟笑袠袠,懈,45,786
袞袝袪孝袙袗 袪袝袙袨袥挟笑袠袠,懈,45,786
袞袝袪孝袙袗 袪袝袙袨袥挟笑袠袠,懈,45,786
袞袝袪孝袙袗 袪袝袙袨袥挟笑袠袠,懈,45,786
袞袝袪孝袙袗 袪袝袙袨袥挟笑袠袠,懈,45,786
袞袝袪孝袙袗 袪袝袙袨袥挟笑袠袠,懈,45,786
袞袝袪孝袙袗 袪袝袙袨袥挟笑袠袠,懈,45,786
袞袝袪孝袙袗 袪袝袙袨袥挟笑袠袠,懈,45,786
袞袝袪孝袙袗 袪袝袙袨袥挟笑袠袠,懈,45,786
袞袝袪孝袙袗 袪袝袙袨袥挟笑袠袠,懈,45,786
袞袝袪孝袙袗 袪袝袙袨袥挟笑袠袠,懈,45,786
袞袝袪孝袙袗 袪袝袙袨袥挟笑袠袠,懈,45,786
袞袝袪孝袙袗 袪袝袙袨袥挟笑袠袠,懈,45,786
袞袝袪孝袙袗 袪袝袙袨袥挟笑袠袠,懈,45,786
袞袝袪孝袙袗 袪袝袙袨袥挟笑袠袠,懈,45,786
袞袝袪孝袙袗 袪袝袙袨袥挟笑袠袠,懈,45,786
袞袝袪孝袙袗 袪袝袙袨袥挟笑袠袠,懈,45,786
袞袝袪孝袙袗 袪袝袙袨袥挟笑袠袠,懈,45,786
袞袝袪孝袙袗 袪袝袙袨袥挟笑袠袠,懈,45,786
袞袝袪孝袙袗 袪袝袙袨袥挟笑袠袠,懈,45,786
袞袝袪孝袙袗 袪袝袙袨袥挟笑袠袠,懈,45,786
袞袝袪孝袙袗 袪袝袙袨袥挟笑袠袠,懈,45,786
袞袝袪孝袙袗 袪袝袙袨袥挟笑袠袠,懈,45,786
袞袝袪孝袙袗 袪袝袙袨袥挟笑袠袠,懈,45,786
袞袝袪孝袙袗 袪袝袙袨袥挟笑袠袠,懈,45,786
袞袝袪孝袙袗 袪袝袙袨袥挟笑袠袠,懈,45,786
袞袝袪孝袙袗 袪袝袙袨袥挟笑袠袠,懈,45,786
袞袝袪孝袙袗 袪袝袙袨袥挟笑袠袠,懈,45,786
袞袝袪孝袙袗 袪袝袙袨袥挟笑袠袠,懈,45,786
袞袝袪孝袙袗 袪袝袙袨袥挟笑袠袠,懈,45,786
袞袝袪孝袙袗 袪袝袙袨袥挟笑袠袠,懈,45,786
袞袝袪孝袙袗 袪袝袙袨袥挟笑袠袠,懈,45,786
袞袝袪孝袙袗 袪袝袙袨袥挟笑袠袠,懈,45,786
袞袝袪孝袙袗 袪袝袙袨袥挟笑袠袠,懈,45,786
袞袝袪孝袙袗 袪袝袙袨袥挟笑袠袠,懈,45,786
袞袝袪孝袙袗 袪袝袙袨袥挟笑袠袠,懈,45,786
袞袝袪孝袙袗 袪袝袙袨袥挟笑袠袠,懈,45,786
袞袝袪孝袙袗 袪袝袙袨袥挟笑袠袠,懈,45,786
袞袝袪孝袙袗 袪袝袙袨袥挟笑袠袠,懈,45,786
袞袝袪孝袙袗 袪袝袙袨袥挟笑袠袠,懈,45,786
袞袝袪孝袙袗 袪袝袙袨袥挟笑袠袠,懈,45,786
袞袝袪孝袙袗 袪袝袙袨袥挟笑袠袠,懈,45,786
袞袝袪孝袙袗 袪袝袙袨袥挟笑袠袠,懈,45,786
袞袝袪孝袙袗 袪袝袙袨袥挟笑袠袠,懈,45,786
袠袧袨小孝袪袗袧笑蝎,懈,16,481
袠袧袨小孝袪袗袧笑蝎,懈,16,481
袠袧袨小孝袪袗袧笑蝎,懈,16,481
袠袧袨小孝袪袗袧笑蝎,懈,16,481
袠袧袨小孝袪袗袧笑蝎,懈,16,481
袠袧袨小孝袪袗袧笑蝎,懈,16,481
袠袧袨小孝袪袗袧笑蝎,懈,16,481
袠袧袨小孝袪袗袧笑蝎,懈,16,481
袠袧袨小孝袪袗袧笑蝎,懈,16,481
袠袧袨小孝袪袗袧笑蝎,懈,16,481
袠袧袨小孝袪袗袧笑蝎,懈,16,481
袠袧袨小孝袪袗袧笑蝎,懈,16,481
袠袧袨小孝袪袗袧笑蝎,懈,16,481
袠袧袨小孝袪袗袧笑蝎,懈,16,481
袠袧袨小孝袪袗袧笑蝎,懈,16,481
袠袧袨小孝袪袗袧笑蝎,懈,16,481
袠小袩袨袙袝袛鞋,懈,20,382
袠小袩袨袙袝袛鞋,懈,20,382
袠小袩袨袙袝袛鞋,懈,20,382
袠小袩袨袙袝袛鞋,懈,20,382
袠小袩袨袙袝袛鞋,懈,20,382
袠小袩袨袙袝袛鞋,懈,20,382
袠小袩袨袙袝袛鞋,懈,20,382
袠小袩袨袙袝袛鞋,懈,20,382
袠小袩袨袙袝袛鞋,懈,20,382
袠小袩袨袙袝袛鞋,懈,20,382
袠小袩袨袙袝袛鞋,懈,20,382
袠小袩袨袙袝袛鞋,懈,20,382
袠小袩袨袙袝袛鞋,懈,20,382
袠小袩袨袙袝袛鞋,懈,20,382
袠小袩袨袙袝袛鞋,懈,20,382
袠小袩袨袙袝袛鞋,懈,20,382
袠小袩袨袙袝袛鞋,懈,20,382
袠小袩袨袙袝袛鞋,懈,20,382
袠小袩袨袙袝袛鞋,懈,20,382
袠小袩袨袙袝袛鞋,懈,20,382
袧袨效袧袨袝 袩袪袨袠小楔袝小孝袙袠袝,懈,24,663
袧袨效袧袨袝 袩袪袨袠小楔袝小孝袙袠袝,懈,24,663
袧袨效袧袨袝 袩袪袨袠小楔袝小孝袙袠袝,懈,24,663
袧袨效袧袨袝 袩袪袨袠小楔袝小孝袙袠袝,懈,24,663
袧袨效袧袨袝 袩袪袨袠小楔袝小孝袙袠袝,懈,24,663
袧袨效袧袨袝 袩袪袨袠小楔袝小孝袙袠袝,懈,24,663
袧袨效袧袨袝 袩袪袨袠小楔袝小孝袙袠袝,懈,24,663
袧袨效袧袨袝 袩袪袨袠小楔袝小孝袙袠袝,懈,24,663
袧袨效袧袨袝 袩袪袨袠小楔袝小孝袙袠袝,懈,24,663
袧袨效袧袨袝 袩袪袨袠小楔袝小孝袙袠袝,懈,24,663
袧袨效袧袨袝 袩袪袨袠小楔袝小孝袙袠袝,懈,24,663
袧袨效袧袨袝 袩袪袨袠小楔袝小孝袙袠袝,懈,24,663
袧袨效袧袨袝 袩袪袨袠小楔袝小孝袙袠袝,懈,24,663
袧袨效袧袨袝 袩袪袨袠小楔袝小孝袙袠袝,懈,24,663
袧袨效袧袨袝 袩袪袨袠小楔袝小孝袙袠袝,懈,24,663
袧袨效袧袨袝 袩袪袨袠小楔袝小孝袙袠袝,懈,24,663
袧袨效袧袨袝 袩袪袨袠小楔袝小孝袙袠袝,懈,24,663
袧袨效袧袨袝 袩袪袨袠小楔袝小孝袙袠袝,懈,24,663
袧袨效袧袨袝 袩袪袨袠小楔袝小孝袙袠袝,懈,24,663
袧袨效袧袨袝 袩袪袨袠小楔袝小孝袙袠袝,懈,24,663
袧袨效袧袨袝 袩袪袨袠小楔袝小孝袙袠袝,懈,24,663
袧袨效袧袨袝 袩袪袨袠小楔袝小孝袙袠袝,懈,24,663
袧袨效袧袨袝 袩袪袨袠小楔袝小孝袙袠袝,懈,24,663
袧袨效袧袨袝 袩袪袨袠小楔袝小孝袙袠袝,懈,24,663
袧袝 袧袗袛袨 袠袦袝孝鞋 袪袨袛小孝袙袝袧袧袠袣袨袙,懈,21,633
袧袝 袧袗袛袨 袠袦袝孝鞋 袪袨袛小孝袙袝袧袧袠袣袨袙,懈,21,633
袧袝 袧袗袛袨 袠袦袝孝鞋 袪袨袛小孝袙袝袧袧袠袣袨袙,懈,21,633
袧袝 袧袗袛袨 袠袦袝孝鞋 袪袨袛小孝袙袝袧袧袠袣袨袙,懈,21,633
袧袝 袧袗袛袨 袠袦袝孝鞋 袪袨袛小孝袙袝袧袧袠袣袨袙,懈,21,633
袧袝 袧袗袛袨 袠袦袝孝鞋 袪袨袛小孝袙袝袧袧袠袣袨袙,懈,21,633
袧袝 袧袗袛袨 袠袦袝孝鞋 袪袨袛小孝袙袝袧袧袠袣袨袙,懈,21,633
袧袝 袧袗袛袨 袠袦袝孝鞋 袪袨袛小孝袙袝袧袧袠袣袨袙,懈,21,633
袧袝 袧袗袛袨 袠袦袝孝鞋 袪袨袛小孝袙袝袧袧袠袣袨袙,懈,21,633
袧袝 袧袗袛袨 袠袦袝孝鞋 袪袨袛小孝袙袝袧袧袠袣袨袙,懈,21,633
袧袝 袧袗袛袨 袠袦袝孝鞋 袪袨袛小孝袙袝袧袧袠袣袨袙,懈,21,633
袧袝 袧袗袛袨 袠袦袝孝鞋 袪袨袛小孝袙袝袧袧袠袣袨袙,懈,21,633
袧袝 袧袗袛袨 袠袦袝孝鞋 袪袨袛小孝袙袝袧袧袠袣袨袙,懈,21,633
袧袝 袧袗袛袨 袠袦袝孝鞋 袪袨袛小孝袙袝袧袧袠袣袨袙,懈,21,633
袧袝 袧袗袛袨 袠袦袝孝鞋 袪袨袛小孝袙袝袧袧袠袣袨袙,懈,21,633
袧袝 袧袗袛袨 袠袦袝孝鞋 袪袨袛小孝袙袝袧袧袠袣袨袙,懈,21,633
袧袝 袧袗袛袨 袠袦袝孝鞋 袪袨袛小孝袙袝袧袧袠袣袨袙,懈,21,633
袧袝 袧袗袛袨 袠袦袝孝鞋 袪袨袛小孝袙袝袧袧袠袣袨袙,懈,21,633
袧袝 袧袗袛袨 袠袦袝孝鞋 袪袨袛小孝袙袝袧袧袠袣袨袙,懈,21,633
袧袝 袧袗袛袨 袠袦袝孝鞋 袪袨袛小孝袙袝袧袧袠袣袨袙,懈,21,633
袧袝 袧袗袛袨 袠袦袝孝鞋 袪袨袛小孝袙袝袧袧袠袣袨袙,懈,21,633
袧袝袪袙袧蝎袝 袥挟袛袠,懈,23,541
袧袝袪袙袧蝎袝 袥挟袛袠,懈,23,541
袧袝袪袙袧蝎袝 袥挟袛袠,懈,23,541
袧袝袪袙袧蝎袝 袥挟袛袠,懈,23,541
袧袝袪袙袧蝎袝 袥挟袛袠,懈,23,541
袧袝袪袙袧蝎袝 袥挟袛袠,懈,23,541
袧袝袪袙袧蝎袝 袥挟袛袠,懈,23,541
袧袝袪袙袧蝎袝 袥挟袛袠,懈,23,541
袧袝袪袙袧蝎袝 袥挟袛袠,懈,23,541
袧袝袪袙袧蝎袝 袥挟袛袠,懈,23,541
袧袝袪袙袧蝎袝 袥挟袛袠,懈,23,541
袧袝袪袙袧蝎袝 袥挟袛袠,懈,23,541
袧袝袪袙袧蝎袝 袥挟袛袠,懈,23,541
袧袝袪袙袧蝎袝 袥挟袛袠,懈,23,541
袧袝袪袙袧蝎袝 袥挟袛袠,懈,23,541
袧袝袪袙袧蝎袝 袥挟袛袠,懈,23,541
袧袝袪袙袧蝎袝 袥挟袛袠,懈,23,541
袧袝袪袙袧蝎袝 袥挟袛袠,懈,23,541
袧袝袪袙袧蝎袝 袥挟袛袠,懈,23,541
袧袝袪袙袧蝎袝 袥挟袛袠,懈,23,541
袧袝袪袙袧蝎袝 袥挟袛袠,懈,23,541
袧袝袪袙袧蝎袝 袥挟袛袠,懈,23,541
袧袝袪袙袧蝎袝 袥挟袛袠,懈,23,541
袧袗 袞袠袙笑袗,懈,26,529
袧袗 袞袠袙笑袗,懈,26,529
袧袗 袞袠袙笑袗,懈,26,529
袧袗 袞袠袙笑袗,懈,26,529
袧袗 袞袠袙笑袗,懈,26,529
袧袗 袞袠袙笑袗,懈,26,529
袧袗 袞袠袙笑袗,懈,26,529
袧袗 袞袠袙笑袗,懈,26,529
袧袗 袞袠袙笑袗,懈,26,529
袧袗 袞袠袙笑袗,懈,26,529
袧袗 袞袠袙笑袗,懈,26,529
袧袗 袞袠袙笑袗,懈,26,529
袧袗 袞袠袙笑袗,懈,26,529
袧袗 袞袠袙笑袗,懈,26,529
袧袗 袞袠袙笑袗,懈,26,529
袧袗 袞袠袙笑袗,懈,26,529
袧袗 袞袠袙笑袗,懈,26,529
袧袗 袞袠袙笑袗,懈,26,529
袧袗 袞袠袙笑袗,懈,26,529
袧袗 袞袠袙笑袗,懈,26,529
袧袗 袞袠袙笑袗,懈,26,529
袧袗 袞袠袙笑袗,懈,26,529
袧袗 袞袠袙笑袗,懈,26,529
袧袗 袞袠袙笑袗,懈,26,529
袧袗 袞袠袙笑袗,懈,26,529
袧袗 袞袠袙笑袗,懈,26,529
校袟袝袥,懈,37,826
校袟袝袥,懈,37,826
校袟袝袥,懈,37,826
校袟袝袥,懈,37,826
校袟袝袥,懈,37,826
校袟袝袥,懈,37,826
校袟袝袥,懈,37,826
校袟袝袥,懈,37,826
校袟袝袥,懈,37,826
校袟袝袥,懈,37,826
校袟袝袥,懈,37,826
校袟袝袥,懈,37,826
校袟袝袥,懈,37,826
校袟袝袥,懈,37,826
校袟袝袥,懈,37,826
校袟袝袥,懈,37,826
校袟袝袥,懈,37,826
校袟袝袥,懈,37,826
校袟袝袥,懈,37,826
效袝小孝袧蝎袡 袚袪袗袞袛袗袧袠袧,懈,55,1059
效袝小孝袧蝎袡 袚袪袗袞袛袗袧袠袧,懈,55,1059
效袝小孝袧蝎袡 袚袪袗袞袛袗袧袠袧,懈,55,1059
效袝小孝袧蝎袡 袚袪袗袞袛袗袧袠袧,懈,55,1059
效袝小孝袧蝎袡 袚袪袗袞袛袗袧袠袧,懈,55,1059
效袝小孝袧蝎袡 袚袪袗袞袛袗袧袠袧,懈,55,1059
效袝小孝袧蝎袡 袚袪袗袞袛袗袧袠袧,懈,55,1059
效袝小孝袧蝎袡 袚袪袗袞袛袗袧袠袧,懈,55,1059
效袝小孝袧蝎袡 袚袪袗袞袛袗袧袠袧,懈,55,1059
效袝小孝袧蝎袡 袚袪袗袞袛袗袧袠袧,懈,55,1059
效袝小孝袧蝎袡 袚袪袗袞袛袗袧袠袧,懈,55,1059
效袝小孝袧蝎袡 袚袪袗袞袛袗袧袠袧,懈,55,1059
效袝小孝袧蝎袡 袚袪袗袞袛袗袧袠袧,懈,55,1059
效袝小孝袧蝎袡 袚袪袗袞袛袗袧袠袧,懈,55,1059
效袝小孝袧蝎袡 袚袪袗袞袛袗袧袠袧,懈,55,1059
效袝小孝袧蝎袡 袚袪袗袞袛袗袧袠袧,懈,55,1059
效袝小孝袧蝎袡 袚袪袗袞袛袗袧袠袧,懈,55,1059
效袝小孝袧蝎袡 袚袪袗袞袛袗袧袠袧,懈,55,1059
效袝小孝袧蝎袡 袚袪袗袞袛袗袧袠袧,懈,55,1059
效袝小孝袧蝎袡 袚袪袗袞袛袗袧袠袧,懈,55,1059
效袝小孝袧蝎袡 袚袪袗袞袛袗袧袠袧,懈,55,1059
效袝小孝袧蝎袡 袚袪袗袞袛袗袧袠袧,懈,55,1059
效袝小孝袧蝎袡 袚袪袗袞袛袗袧袠袧,懈,55,1059
效袝小孝袧蝎袡 袚袪袗袞袛袗袧袠袧,懈,55,1059
效袝小孝袧蝎袡 袚袪袗袞袛袗袧袠袧,懈,55,1059
效袝小孝袧蝎袡 袚袪袗袞袛袗袧袠袧,懈,55,1059
啸袨袟袪袗小效袝孝,懈,14,548
啸袨袟袪袗小效袝孝,懈,14,548
啸袨袟袪袗小效袝孝,懈,14,548
啸袨袟袪袗小效袝孝,懈,14,548
啸袨袟袪袗小效袝孝,懈,14,548
啸袨袟袪袗小效袝孝,懈,14,548
啸袨袟袪袗小效袝孝,懈,14,548
啸袨袟袪袗小效袝孝,懈,14,548
啸袨袟袪袗小效袝孝,懈,14,548
啸袨袟袪袗小效袝孝,懈,14,548
啸袨袟袪袗小效袝孝,懈,14,548
啸袨袟袪袗小效袝孝,懈,14,548
啸袨袟袪袗小效袝孝,懈,14,548
啸袨袟袪袗小效袝孝,懈,14,548
袩袥袨啸袨袡 袨袘蝎效袗袡,懈,42,541
袩袥袨啸袨袡 袨袘蝎效袗袡,懈,42,541
袩袥袨啸袨袡 袨袘蝎效袗袡,懈,42,541
袩袥袨啸袨袡 袨袘蝎效袗袡,懈,42,541
袩袥袨啸袨袡 袨袘蝎效袗袡,懈,42,541
袩袥袨啸袨袡 袨袘蝎效袗袡,懈,42,541
袩袥袨啸袨袡 袨袘蝎效袗袡,懈,42,541
袩袥袨啸袨袡 袨袘蝎效袗袡,懈,42,541
袩袥袨啸袨袡 袨袘蝎效袗袡,懈,42,541
袩袥袨啸袨袡 袨袘蝎效袗袡,懈,42,541
袩袥袨啸袨袡 袨袘蝎效袗袡,懈,42,541
袩袥袨啸袨袡 袨袘蝎效袗袡,懈,42,541
袩袥袨啸袨袡 袨袘蝎效袗袡,懈,42,541
袩袥袨啸袨袡 袨袘蝎效袗袡,懈,42,541
袩袥袨啸袨袡 袨袘蝎效袗袡,懈,42,541
袩袥袨啸袨袡 袨袘蝎效袗袡,懈,42,541
袩袥袨啸袨袡 袨袘蝎效袗袡,懈,42,541
袩袥袨啸袨袡 袨袘蝎效袗袡,懈,42,541
袩袥袨啸袨袡 袨袘蝎效袗袡,懈,42,541
袩袥袨啸袨袡 袨袘蝎效袗袡,懈,42,541
袩袥袨啸袨袡 袨袘蝎效袗袡,懈,42,541
袩袥袨啸袨袡 袨袘蝎效袗袡,懈,42,541
袩袥袨啸袨袡 袨袘蝎效袗袡,懈,42,541
袩袥袨啸袨袡 袨袘蝎效袗袡,懈,42,541
袩袥袨啸袨袡 袨袘蝎效袗袡,懈,42,541
袩袥袨啸袨袡 袨袘蝎效袗袡,懈,42,541
袩袥袨啸袨袡 袨袘蝎效袗袡,懈,42,541
袩袥袨啸袨袡 袨袘蝎效袗袡,懈,42,541
袩袥袨啸袨袡 袨袘蝎效袗袡,懈,42,541
袩袥袨啸袨袡 袨袘蝎效袗袡,懈,42,541
袩袥袨啸袨袡 袨袘蝎效袗袡,懈,42,541
袩袥袨啸袨袡 袨袘蝎效袗袡,懈,42,541
袩袥袨啸袨袡 袨袘蝎效袗袡,懈,42,541
袩袥袨啸袨袡 袨袘蝎效袗袡,懈,42,541
袩袥袨啸袨袡 袨袘蝎效袗袡,懈,42,541
袩袥袨啸袨袡 袨袘蝎效袗袡,懈,42,541
袩袥袨啸袨袡 袨袘蝎效袗袡,懈,42,541
袩袥袨啸袨袡 袨袘蝎效袗袡,懈,42,541
袩袥袨啸袨袡 袨袘蝎效袗袡,懈,42,541
袩袥袨啸袨袡 袨袘蝎效袗袡,懈,42,541
袩袥袨啸袨袡 袨袘蝎效袗袡,懈,42,541
袩袥袨啸袨袡 袨袘蝎效袗袡,懈,42,541
